2026-01-18 12:52:13,316 | INFO    | runtime:devops_assistant | reload_manager:84 | _watch_workspace | Stopping workspace watcher for 'devops_assistant'
2026-01-18 12:53:05,637 | INFO    | runtime:devops_assistant | reload_manager:84 | _watch_workspace | Stopping workspace watcher for 'devops_assistant'
2026-01-18 12:53:56,647 | INFO    | runtime:devops_assistant | reload_manager:84 | _watch_workspace | Stopping workspace watcher for 'devops_assistant'
2026-01-18 12:55:17,884 | INFO    | runtime:devops_assistant | reload_manager:84 | _watch_workspace | Stopping workspace watcher for 'devops_assistant'
2026-01-18 12:55:58,331 | INFO    | runtime:devops_assistant | reload_manager:84 | _watch_workspace | Stopping workspace watcher for 'devops_assistant'
2026-01-18 13:05:21,563 | INFO    | runtime:devops_assistant | reload_manager:84 | _watch_workspace | Stopping workspace watcher for 'devops_assistant'
2026-01-18 13:05:45,058 | INFO    | runtime:devops_assistant | reload_manager:84 | _watch_workspace | Stopping workspace watcher for 'devops_assistant'
2026-01-18 13:08:42,363 | INFO    | runtime:devops_assistant | reload_manager:84 | _watch_workspace | Stopping workspace watcher for 'devops_assistant'
2026-01-18 13:09:07,327 | INFO    | runtime:devops_assistant | reload_manager:84 | _watch_workspace | Stopping workspace watcher for 'devops_assistant'
2026-01-18 13:09:28,073 | INFO    | runtime:devops_assistant | reload_manager:84 | _watch_workspace | Stopping workspace watcher for 'devops_assistant'
2026-01-18 13:09:56,920 | INFO    | runtime:devops_assistant | reload_manager:84 | _watch_workspace | Stopping workspace watcher for 'devops_assistant'
2026-01-18 14:52:47,051 | INFO    | runtime:devops_assistant | reload_manager:84 | _watch_workspace | Stopping workspace watcher for 'devops_assistant'
2026-01-18 14:54:04,076 | INFO    | runtime:devops_assistant | orchestrator:83 | run | Just entered Orchestrator ...
2026-01-18 14:54:04,078 | INFO    | runtime:devops_assistant | orchestrator:103 | run | We are inside graph.astream - an event is emitted ...
2026-01-18 14:54:04,078 | INFO    | runtime:devops_assistant | orchestrator:104 | run | {'stage_router': None}
2026-01-18 14:54:04,078 | INFO    | runtime:devops_assistant | orchestrator:106 | run | Emitting graph_event ...
2026-01-18 14:54:04,078 | INFO    | runtime:devops_assistant | orchestrator:109 | run | Now waiting for graph_event response
2026-01-18 14:54:04,079 | INFO    | runtime:devops_assistant | reload_manager:84 | _watch_workspace | Stopping workspace watcher for 'devops_assistant'
2026-01-18 14:56:14,974 | INFO    | runtime:devops_assistant | orchestrator:83 | run | Just entered Orchestrator ...
2026-01-18 14:56:14,976 | INFO    | runtime:devops_assistant | orchestrator:103 | run | We are inside graph.astream - an event is emitted ...
2026-01-18 14:56:14,976 | INFO    | runtime:devops_assistant | orchestrator:104 | run | {'stage_router': None}
2026-01-18 14:56:14,976 | INFO    | runtime:devops_assistant | orchestrator:106 | run | Emitting graph_event ...
2026-01-18 14:56:14,976 | INFO    | runtime:devops_assistant | orchestrator:109 | run | Now waiting for graph_event response
2026-01-18 14:56:14,977 | INFO    | runtime:devops_assistant | reload_manager:84 | _watch_workspace | Stopping workspace watcher for 'devops_assistant'
2026-01-18 14:57:00,636 | INFO    | runtime:devops_assistant | orchestrator:83 | run | Just entered Orchestrator ...
2026-01-18 14:57:00,639 | INFO    | runtime:devops_assistant | orchestrator:103 | run | We are inside graph.astream - an event is emitted ...
2026-01-18 14:57:00,639 | INFO    | runtime:devops_assistant | orchestrator:104 | run | {'stage_router': None}
2026-01-18 14:57:00,639 | INFO    | runtime:devops_assistant | orchestrator:106 | run | Emitting graph_event ...
2026-01-18 14:57:00,639 | INFO    | runtime:devops_assistant | orchestrator:109 | run | Now waiting for graph_event response
2026-01-18 14:57:00,640 | INFO    | runtime:devops_assistant | reload_manager:84 | _watch_workspace | Stopping workspace watcher for 'devops_assistant'
2026-01-18 14:58:07,868 | INFO    | runtime:devops_assistant | reload_manager:84 | _watch_workspace | Stopping workspace watcher for 'devops_assistant'
2026-01-18 15:02:10,874 | INFO    | runtime:devops_assistant | reload_manager:84 | _watch_workspace | Stopping workspace watcher for 'devops_assistant'
2026-01-18 15:03:53,834 | INFO    | runtime:devops_assistant | reload_manager:84 | _watch_workspace | Stopping workspace watcher for 'devops_assistant'
2026-01-18 15:14:15,895 | INFO    | runtime:devops_assistant | reload_manager:84 | _watch_workspace | Stopping workspace watcher for 'devops_assistant'
2026-01-18 15:14:51,886 | INFO    | runtime:devops_assistant | reload_manager:84 | _watch_workspace | Stopping workspace watcher for 'devops_assistant'
2026-01-18 15:22:54,824 | INFO    | runtime:devops_assistant | reload_manager:84 | _watch_workspace | Stopping workspace watcher for 'devops_assistant'
2026-01-18 15:23:42,080 | INFO    | runtime:devops_assistant | reload_manager:84 | _watch_workspace | Stopping workspace watcher for 'devops_assistant'
2026-01-18 15:24:22,624 | INFO    | runtime:devops_assistant | reload_manager:84 | _watch_workspace | Stopping workspace watcher for 'devops_assistant'
2026-01-18 15:28:42,870 | INFO    | runtime:devops_assistant | reload_manager:84 | _watch_workspace | Stopping workspace watcher for 'devops_assistant'
2026-01-18 15:29:06,383 | INFO    | runtime:devops_assistant | reload_manager:84 | _watch_workspace | Stopping workspace watcher for 'devops_assistant'
2026-01-18 15:37:46,901 | INFO    | runtime:devops_assistant | reload_manager:84 | _watch_workspace | Stopping workspace watcher for 'devops_assistant'
2026-01-18 15:43:57,260 | INFO    | runtime:devops_assistant | reload_manager:84 | _watch_workspace | Stopping workspace watcher for 'devops_assistant'
2026-01-18 15:44:40,206 | INFO    | runtime:devops_assistant | reload_manager:84 | _watch_workspace | Stopping workspace watcher for 'devops_assistant'
2026-01-18 15:45:37,036 | INFO    | runtime:devops_assistant | reload_manager:84 | _watch_workspace | Stopping workspace watcher for 'devops_assistant'
2026-01-18 15:49:30,227 | INFO    | runtime:devops_assistant | orchestrator:83 | run | Just entered Orchestrator ...
2026-01-18 15:49:30,229 | INFO    | runtime:devops_assistant | orchestrator:103 | run | We are inside graph.astream - an event is emitted ...
2026-01-18 15:49:30,229 | INFO    | runtime:devops_assistant | orchestrator:104 | run | {'stage_router': None}
2026-01-18 15:49:30,229 | INFO    | runtime:devops_assistant | orchestrator:106 | run | Emitting graph_event ...
2026-01-18 15:49:30,229 | INFO    | runtime:devops_assistant | orchestrator:109 | run | Now waiting for graph_event response
2026-01-18 15:49:30,230 | INFO    | runtime:devops_assistant | reload_manager:84 | _watch_workspace | Stopping workspace watcher for 'devops_assistant'
2026-01-18 15:53:54,600 | INFO    | runtime:devops_assistant | reload_manager:84 | _watch_workspace | Stopping workspace watcher for 'devops_assistant'
2026-01-18 15:56:59,730 | INFO    | runtime:devops_assistant | orchestrator:83 | run | Just entered Orchestrator ...
2026-01-18 15:56:59,732 | INFO    | runtime:devops_assistant | orchestrator:103 | run | We are inside graph.astream - an event is emitted ...
2026-01-18 15:56:59,732 | INFO    | runtime:devops_assistant | orchestrator:104 | run | {'stage_router': None}
2026-01-18 15:56:59,732 | INFO    | runtime:devops_assistant | orchestrator:106 | run | Emitting graph_event ...
2026-01-18 15:56:59,732 | INFO    | runtime:devops_assistant | orchestrator:109 | run | Now waiting for graph_event response
2026-01-18 15:56:59,733 | INFO    | runtime:devops_assistant | reload_manager:84 | _watch_workspace | Stopping workspace watcher for 'devops_assistant'
2026-01-18 15:59:38,395 | INFO    | runtime:devops_assistant | orchestrator:83 | run | Just entered Orchestrator ...
2026-01-18 15:59:38,397 | INFO    | runtime:devops_assistant | orchestrator:103 | run | We are inside graph.astream - an event is emitted ...
2026-01-18 15:59:38,397 | INFO    | runtime:devops_assistant | orchestrator:104 | run | {'stage_router': None}
2026-01-18 15:59:38,397 | INFO    | runtime:devops_assistant | orchestrator:106 | run | Emitting graph_event ...
2026-01-18 15:59:38,397 | INFO    | runtime:devops_assistant | orchestrator:109 | run | Now waiting for graph_event response
2026-01-18 15:59:38,398 | INFO    | runtime:devops_assistant | reload_manager:84 | _watch_workspace | Stopping workspace watcher for 'devops_assistant'
2026-01-18 16:04:02,200 | INFO    | runtime:devops_assistant | orchestrator:83 | run | Just entered Orchestrator ...
2026-01-18 16:04:02,202 | INFO    | runtime:devops_assistant | orchestrator:103 | run | We are inside graph.astream - an event is emitted ...
2026-01-18 16:04:02,202 | INFO    | runtime:devops_assistant | orchestrator:104 | run | {'stage_router': None}
2026-01-18 16:04:02,202 | INFO    | runtime:devops_assistant | orchestrator:106 | run | Emitting graph_event ...
2026-01-18 16:04:02,202 | INFO    | runtime:devops_assistant | orchestrator:109 | run | Now waiting for graph_event response
2026-01-18 16:04:02,203 | INFO    | runtime:devops_assistant | reload_manager:84 | _watch_workspace | Stopping workspace watcher for 'devops_assistant'
2026-01-18 16:11:15,484 | INFO    | runtime:devops_assistant | reload_manager:84 | _watch_workspace | Stopping workspace watcher for 'devops_assistant'
2026-01-18 16:12:10,653 | INFO    | runtime:devops_assistant | reload_manager:84 | _watch_workspace | Stopping workspace watcher for 'devops_assistant'
2026-01-18 16:15:00,493 | INFO    | runtime:devops_assistant | reload_manager:84 | _watch_workspace | Stopping workspace watcher for 'devops_assistant'
2026-01-18 16:15:30,341 | INFO    | runtime:devops_assistant | reload_manager:84 | _watch_workspace | Stopping workspace watcher for 'devops_assistant'
2026-01-18 16:17:53,422 | INFO    | runtime:devops_assistant | reload_manager:84 | _watch_workspace | Stopping workspace watcher for 'devops_assistant'
2026-01-18 16:18:41,217 | INFO    | runtime:devops_assistant | orchestrator:83 | run | Just entered Orchestrator ...
2026-01-18 16:18:41,219 | INFO    | runtime:devops_assistant | orchestrator:103 | run | We are inside graph.astream - an event is emitted ...
2026-01-18 16:18:41,219 | INFO    | runtime:devops_assistant | orchestrator:104 | run | {'stage_router': None}
2026-01-18 16:18:41,219 | INFO    | runtime:devops_assistant | orchestrator:106 | run | Emitting graph_event ...
2026-01-18 16:18:41,219 | INFO    | runtime:devops_assistant | orchestrator:109 | run | Now waiting for graph_event response
2026-01-18 16:18:41,220 | INFO    | runtime:devops_assistant | reload_manager:84 | _watch_workspace | Stopping workspace watcher for 'devops_assistant'
2026-01-18 16:21:47,089 | INFO    | runtime:devops_assistant | orchestrator:83 | run | Just entered Orchestrator ...
2026-01-18 16:21:47,091 | INFO    | runtime:devops_assistant | orchestrator:103 | run | We are inside graph.astream - an event is emitted ...
2026-01-18 16:21:47,091 | INFO    | runtime:devops_assistant | orchestrator:104 | run | {'stage_router': None}
2026-01-18 16:21:47,091 | INFO    | runtime:devops_assistant | orchestrator:106 | run | Emitting graph_event ...
2026-01-18 16:21:47,091 | INFO    | runtime:devops_assistant | orchestrator:109 | run | Now waiting for graph_event response
2026-01-18 16:21:47,092 | INFO    | runtime:devops_assistant | reload_manager:84 | _watch_workspace | Stopping workspace watcher for 'devops_assistant'
2026-01-18 16:23:24,275 | INFO    | runtime:devops_assistant | orchestrator:83 | run | Just entered Orchestrator ...
2026-01-18 16:23:24,277 | INFO    | runtime:devops_assistant | orchestrator:103 | run | We are inside graph.astream - an event is emitted ...
2026-01-18 16:23:24,277 | INFO    | runtime:devops_assistant | orchestrator:104 | run | {'stage_router': None}
2026-01-18 16:23:24,277 | INFO    | runtime:devops_assistant | orchestrator:106 | run | Emitting graph_event ...
2026-01-18 16:23:24,277 | INFO    | runtime:devops_assistant | orchestrator:109 | run | Now waiting for graph_event response
2026-01-18 16:23:24,278 | INFO    | runtime:devops_assistant | reload_manager:84 | _watch_workspace | Stopping workspace watcher for 'devops_assistant'
2026-01-18 16:25:20,097 | INFO    | runtime:devops_assistant | orchestrator:83 | run | Just entered Orchestrator ...
2026-01-18 16:25:20,099 | INFO    | runtime:devops_assistant | orchestrator:103 | run | We are inside graph.astream - an event is emitted ...
2026-01-18 16:25:20,099 | INFO    | runtime:devops_assistant | orchestrator:104 | run | {'stage_router': None}
2026-01-18 16:25:20,099 | INFO    | runtime:devops_assistant | orchestrator:106 | run | Emitting graph_event ...
2026-01-18 16:25:20,099 | INFO    | runtime:devops_assistant | orchestrator:109 | run | Now waiting for graph_event response
2026-01-18 16:25:20,100 | INFO    | runtime:devops_assistant | reload_manager:84 | _watch_workspace | Stopping workspace watcher for 'devops_assistant'
2026-01-18 16:26:02,639 | INFO    | runtime:devops_assistant | orchestrator:83 | run | Just entered Orchestrator ...
2026-01-18 16:26:02,641 | INFO    | runtime:devops_assistant | orchestrator:103 | run | We are inside graph.astream - an event is emitted ...
2026-01-18 16:26:02,641 | INFO    | runtime:devops_assistant | orchestrator:104 | run | {'stage_router': None}
2026-01-18 16:26:02,641 | INFO    | runtime:devops_assistant | orchestrator:106 | run | Emitting graph_event ...
2026-01-18 16:26:02,641 | INFO    | runtime:devops_assistant | orchestrator:109 | run | Now waiting for graph_event response
2026-01-18 16:26:02,642 | INFO    | runtime:devops_assistant | reload_manager:84 | _watch_workspace | Stopping workspace watcher for 'devops_assistant'
2026-01-18 16:28:59,589 | INFO    | runtime:devops_assistant | orchestrator:83 | run | Just entered Orchestrator ...
2026-01-18 16:28:59,591 | INFO    | runtime:devops_assistant | orchestrator:103 | run | We are inside graph.astream - an event is emitted ...
2026-01-18 16:28:59,591 | INFO    | runtime:devops_assistant | orchestrator:104 | run | {'stage_router': None}
2026-01-18 16:28:59,591 | INFO    | runtime:devops_assistant | orchestrator:106 | run | Emitting graph_event ...
2026-01-18 16:28:59,591 | INFO    | runtime:devops_assistant | orchestrator:109 | run | Now waiting for graph_event response
2026-01-18 16:28:59,592 | INFO    | runtime:devops_assistant | reload_manager:84 | _watch_workspace | Stopping workspace watcher for 'devops_assistant'
2026-01-18 16:29:29,005 | INFO    | runtime:devops_assistant | orchestrator:83 | run | Just entered Orchestrator ...
2026-01-18 16:29:29,007 | INFO    | runtime:devops_assistant | orchestrator:103 | run | We are inside graph.astream - an event is emitted ...
2026-01-18 16:29:29,007 | INFO    | runtime:devops_assistant | orchestrator:104 | run | {'stage_router': None}
2026-01-18 16:29:29,007 | INFO    | runtime:devops_assistant | orchestrator:106 | run | Emitting graph_event ...
2026-01-18 16:29:29,007 | INFO    | runtime:devops_assistant | orchestrator:109 | run | Now waiting for graph_event response
2026-01-18 16:29:29,008 | INFO    | runtime:devops_assistant | reload_manager:84 | _watch_workspace | Stopping workspace watcher for 'devops_assistant'
2026-01-18 16:31:11,599 | ERROR   | runtime:devops_assistant | reload_manager:87 | _watch_workspace | Error while watching workspace 'devops_assistant': 'dict' object has no attribute '_compute_version_hash'
2026-01-18 16:31:41,600 | ERROR   | runtime:devops_assistant | reload_manager:87 | _watch_workspace | Error while watching workspace 'devops_assistant': 'dict' object has no attribute '_compute_version_hash'
2026-01-18 16:31:43,589 | INFO    | runtime:devops_assistant | reload_manager:84 | _watch_workspace | Stopping workspace watcher for 'devops_assistant'
2026-01-18 16:32:21,524 | INFO    | runtime:devops_assistant | reload_manager:84 | _watch_workspace | Stopping workspace watcher for 'devops_assistant'
2026-01-18 16:32:26,972 | INFO    | runtime:devops_assistant | orchestrator:83 | run | Just entered Orchestrator ...
2026-01-18 16:32:26,974 | INFO    | runtime:devops_assistant | orchestrator:103 | run | We are inside graph.astream - an event is emitted ...
2026-01-18 16:32:26,974 | INFO    | runtime:devops_assistant | orchestrator:104 | run | {'stage_router': None}
2026-01-18 16:32:26,974 | INFO    | runtime:devops_assistant | orchestrator:106 | run | Emitting graph_event ...
2026-01-18 16:32:26,974 | INFO    | runtime:devops_assistant | orchestrator:109 | run | Now waiting for graph_event response
2026-01-18 16:32:26,975 | INFO    | runtime:devops_assistant | reload_manager:84 | _watch_workspace | Stopping workspace watcher for 'devops_assistant'
2026-01-18 16:32:36,788 | INFO    | runtime:devops_assistant | orchestrator:83 | run | Just entered Orchestrator ...
2026-01-18 16:32:36,790 | INFO    | runtime:devops_assistant | orchestrator:103 | run | We are inside graph.astream - an event is emitted ...
2026-01-18 16:32:36,790 | INFO    | runtime:devops_assistant | orchestrator:104 | run | {'stage_router': None}
2026-01-18 16:32:36,790 | INFO    | runtime:devops_assistant | orchestrator:106 | run | Emitting graph_event ...
2026-01-18 16:32:36,790 | INFO    | runtime:devops_assistant | orchestrator:109 | run | Now waiting for graph_event response
2026-01-18 16:32:36,791 | INFO    | runtime:devops_assistant | reload_manager:84 | _watch_workspace | Stopping workspace watcher for 'devops_assistant'
2026-01-18 16:33:05,468 | INFO    | runtime:devops_assistant | orchestrator:83 | run | Just entered Orchestrator ...
2026-01-18 16:33:05,470 | INFO    | runtime:devops_assistant | orchestrator:103 | run | We are inside graph.astream - an event is emitted ...
2026-01-18 16:33:05,470 | INFO    | runtime:devops_assistant | orchestrator:104 | run | {'stage_router': None}
2026-01-18 16:33:05,470 | INFO    | runtime:devops_assistant | orchestrator:106 | run | Emitting graph_event ...
2026-01-18 16:33:05,470 | INFO    | runtime:devops_assistant | orchestrator:109 | run | Now waiting for graph_event response
2026-01-18 16:33:05,471 | INFO    | runtime:devops_assistant | reload_manager:84 | _watch_workspace | Stopping workspace watcher for 'devops_assistant'
2026-01-18 17:21:11,194 | ERROR   | runtime:devops_assistant | reload_manager:87 | _watch_workspace | Error while watching workspace 'devops_assistant': 'dict' object has no attribute '_compute_version_hash'
2026-01-18 17:21:41,195 | ERROR   | runtime:devops_assistant | reload_manager:87 | _watch_workspace | Error while watching workspace 'devops_assistant': 'dict' object has no attribute '_compute_version_hash'
2026-01-18 17:21:58,971 | INFO    | runtime:devops_assistant | orchestrator:83 | run | Just entered Orchestrator ...
2026-01-18 17:21:58,974 | INFO    | runtime:devops_assistant | orchestrator:103 | run | We are inside graph.astream - an event is emitted ...
2026-01-18 17:21:58,974 | INFO    | runtime:devops_assistant | orchestrator:104 | run | {'stage_router': None}
2026-01-18 17:21:58,974 | INFO    | runtime:devops_assistant | orchestrator:106 | run | Emitting graph_event ...
2026-01-18 17:21:58,974 | INFO    | runtime:devops_assistant | orchestrator:109 | run | Now waiting for graph_event response
2026-01-18 17:21:58,975 | INFO    | runtime:devops_assistant | reload_manager:84 | _watch_workspace | Stopping workspace watcher for 'devops_assistant'
2026-01-18 17:23:12,890 | INFO    | runtime:devops_assistant | reload_manager:84 | _watch_workspace | Stopping workspace watcher for 'devops_assistant'
2026-01-18 17:24:36,564 | INFO    | runtime:devops_assistant | reload_manager:84 | _watch_workspace | Stopping workspace watcher for 'devops_assistant'
2026-01-18 17:25:56,792 | INFO    | runtime:devops_assistant | reload_manager:84 | _watch_workspace | Stopping workspace watcher for 'devops_assistant'
2026-01-18 17:28:57,993 | INFO    | runtime:devops_assistant | reload_manager:84 | _watch_workspace | Stopping workspace watcher for 'devops_assistant'
2026-01-18 17:29:57,961 | INFO    | runtime:devops_assistant | orchestrator:83 | run | Just entered Orchestrator ...
2026-01-18 17:29:57,963 | INFO    | runtime:devops_assistant | orchestrator:103 | run | We are inside graph.astream - an event is emitted ...
2026-01-18 17:29:57,963 | INFO    | runtime:devops_assistant | orchestrator:104 | run | {'stage_router': None}
2026-01-18 17:29:57,964 | INFO    | runtime:devops_assistant | orchestrator:106 | run | Emitting graph_event ...
2026-01-18 17:29:57,964 | INFO    | runtime:devops_assistant | orchestrator:109 | run | Now waiting for graph_event response
2026-01-18 17:29:57,964 | INFO    | runtime:devops_assistant | reload_manager:84 | _watch_workspace | Stopping workspace watcher for 'devops_assistant'
2026-01-18 17:31:16,013 | INFO    | runtime:devops_assistant | orchestrator:83 | run | Just entered Orchestrator ...
2026-01-18 17:31:16,015 | INFO    | runtime:devops_assistant | orchestrator:103 | run | We are inside graph.astream - an event is emitted ...
2026-01-18 17:31:16,015 | INFO    | runtime:devops_assistant | orchestrator:104 | run | {'stage_router': None}
2026-01-18 17:31:16,015 | INFO    | runtime:devops_assistant | orchestrator:106 | run | Emitting graph_event ...
2026-01-18 17:31:16,015 | INFO    | runtime:devops_assistant | orchestrator:109 | run | Now waiting for graph_event response
2026-01-18 17:31:16,016 | INFO    | runtime:devops_assistant | reload_manager:84 | _watch_workspace | Stopping workspace watcher for 'devops_assistant'
2026-01-18 18:22:26,376 | INFO    | runtime:devops_assistant | orchestrator:83 | run | Just entered Orchestrator ...
2026-01-18 18:22:26,378 | INFO    | runtime:devops_assistant | orchestrator:103 | run | We are inside graph.astream - an event is emitted ...
2026-01-18 18:22:26,378 | INFO    | runtime:devops_assistant | orchestrator:104 | run | {'stage_router': None}
2026-01-18 18:22:26,378 | INFO    | runtime:devops_assistant | orchestrator:106 | run | Emitting graph_event ...
2026-01-18 18:22:26,378 | INFO    | runtime:devops_assistant | orchestrator:109 | run | Now waiting for graph_event response
2026-01-18 18:22:26,379 | INFO    | runtime:devops_assistant | reload_manager:84 | _watch_workspace | Stopping workspace watcher for 'devops_assistant'
2026-01-18 18:33:09,764 | INFO    | runtime:devops_assistant | reload_manager:84 | _watch_workspace | Stopping workspace watcher for 'devops_assistant'
2026-01-18 18:34:01,647 | INFO    | runtime:devops_assistant | reload_manager:84 | _watch_workspace | Stopping workspace watcher for 'devops_assistant'
2026-01-18 18:34:25,065 | INFO    | runtime:devops_assistant | reload_manager:84 | _watch_workspace | Stopping workspace watcher for 'devops_assistant'
2026-01-18 18:35:02,811 | INFO    | runtime:devops_assistant | reload_manager:84 | _watch_workspace | Stopping workspace watcher for 'devops_assistant'
2026-01-18 18:36:44,099 | INFO    | runtime:devops_assistant | reload_manager:84 | _watch_workspace | Stopping workspace watcher for 'devops_assistant'
2026-01-18 18:37:41,183 | INFO    | runtime:devops_assistant | reload_manager:84 | _watch_workspace | Stopping workspace watcher for 'devops_assistant'
2026-01-18 18:38:03,620 | INFO    | runtime:devops_assistant | reload_manager:84 | _watch_workspace | Stopping workspace watcher for 'devops_assistant'
2026-01-18 18:41:46,760 | INFO    | runtime:devops_assistant | reload_manager:84 | _watch_workspace | Stopping workspace watcher for 'devops_assistant'
2026-01-18 18:42:17,028 | INFO    | runtime:devops_assistant | orchestrator:83 | run | Just entered Orchestrator ...
2026-01-18 18:42:17,030 | INFO    | runtime:devops_assistant | orchestrator:103 | run | We are inside graph.astream - an event is emitted ...
2026-01-18 18:42:17,030 | INFO    | runtime:devops_assistant | orchestrator:104 | run | {'stage_router': None}
2026-01-18 18:42:17,030 | INFO    | runtime:devops_assistant | orchestrator:106 | run | Emitting graph_event ...
2026-01-18 18:42:17,030 | INFO    | runtime:devops_assistant | orchestrator:109 | run | Now waiting for graph_event response
2026-01-18 18:42:17,032 | INFO    | runtime:devops_assistant | reload_manager:84 | _watch_workspace | Stopping workspace watcher for 'devops_assistant'
2026-01-18 18:46:56,211 | ERROR   | runtime:devops_assistant | reload_manager:87 | _watch_workspace | Error while watching workspace 'devops_assistant': 'dict' object has no attribute '_compute_version_hash'
2026-01-18 18:47:26,212 | ERROR   | runtime:devops_assistant | reload_manager:87 | _watch_workspace | Error while watching workspace 'devops_assistant': 'dict' object has no attribute '_compute_version_hash'
2026-01-18 18:47:42,243 | INFO    | runtime:devops_assistant | orchestrator:83 | run | Just entered Orchestrator ...
2026-01-18 18:47:42,245 | INFO    | runtime:devops_assistant | orchestrator:103 | run | We are inside graph.astream - an event is emitted ...
2026-01-18 18:47:42,245 | INFO    | runtime:devops_assistant | orchestrator:104 | run | {'stage_router': None}
2026-01-18 18:47:42,245 | INFO    | runtime:devops_assistant | orchestrator:106 | run | Emitting graph_event ...
2026-01-18 18:47:42,245 | INFO    | runtime:devops_assistant | orchestrator:109 | run | Now waiting for graph_event response
2026-01-18 18:47:42,246 | INFO    | runtime:devops_assistant | reload_manager:84 | _watch_workspace | Stopping workspace watcher for 'devops_assistant'
2026-01-18 18:48:18,603 | INFO    | runtime:devops_assistant | reload_manager:84 | _watch_workspace | Stopping workspace watcher for 'devops_assistant'
2026-01-18 18:48:38,856 | INFO    | runtime:devops_assistant | orchestrator:83 | run | Just entered Orchestrator ...
2026-01-18 18:48:38,858 | INFO    | runtime:devops_assistant | orchestrator:103 | run | We are inside graph.astream - an event is emitted ...
2026-01-18 18:48:38,858 | INFO    | runtime:devops_assistant | orchestrator:104 | run | {'stage_router': None}
2026-01-18 18:48:38,858 | INFO    | runtime:devops_assistant | orchestrator:106 | run | Emitting graph_event ...
2026-01-18 18:48:38,858 | INFO    | runtime:devops_assistant | orchestrator:109 | run | Now waiting for graph_event response
2026-01-18 18:48:38,859 | INFO    | runtime:devops_assistant | reload_manager:84 | _watch_workspace | Stopping workspace watcher for 'devops_assistant'
2026-01-18 18:49:08,354 | INFO    | runtime:devops_assistant | orchestrator:83 | run | Just entered Orchestrator ...
2026-01-18 18:49:08,356 | INFO    | runtime:devops_assistant | orchestrator:103 | run | We are inside graph.astream - an event is emitted ...
2026-01-18 18:49:08,356 | INFO    | runtime:devops_assistant | orchestrator:104 | run | {'stage_router': None}
2026-01-18 18:49:08,356 | INFO    | runtime:devops_assistant | orchestrator:106 | run | Emitting graph_event ...
2026-01-18 18:49:08,356 | INFO    | runtime:devops_assistant | orchestrator:109 | run | Now waiting for graph_event response
2026-01-18 18:49:08,357 | INFO    | runtime:devops_assistant | reload_manager:84 | _watch_workspace | Stopping workspace watcher for 'devops_assistant'
2026-01-18 18:51:02,537 | ERROR   | runtime:devops_assistant | reload_manager:87 | _watch_workspace | Error while watching workspace 'devops_assistant': 'dict' object has no attribute '_compute_version_hash'
2026-01-18 18:51:32,538 | ERROR   | runtime:devops_assistant | reload_manager:87 | _watch_workspace | Error while watching workspace 'devops_assistant': 'dict' object has no attribute '_compute_version_hash'
2026-01-18 18:51:47,669 | INFO    | runtime:devops_assistant | orchestrator:83 | run | Just entered Orchestrator ...
2026-01-18 18:51:47,671 | INFO    | runtime:devops_assistant | orchestrator:103 | run | We are inside graph.astream - an event is emitted ...
2026-01-18 18:51:47,671 | INFO    | runtime:devops_assistant | orchestrator:104 | run | {'stage_router': None}
2026-01-18 18:51:47,671 | INFO    | runtime:devops_assistant | orchestrator:106 | run | Emitting graph_event ...
2026-01-18 18:51:47,671 | INFO    | runtime:devops_assistant | orchestrator:109 | run | Now waiting for graph_event response
2026-01-18 18:51:47,672 | INFO    | runtime:devops_assistant | reload_manager:84 | _watch_workspace | Stopping workspace watcher for 'devops_assistant'
2026-01-18 18:53:35,590 | ERROR   | runtime:devops_assistant | reload_manager:87 | _watch_workspace | Error while watching workspace 'devops_assistant': 'dict' object has no attribute '_compute_version_hash'
2026-01-18 18:54:05,590 | ERROR   | runtime:devops_assistant | reload_manager:87 | _watch_workspace | Error while watching workspace 'devops_assistant': 'dict' object has no attribute '_compute_version_hash'
2026-01-18 18:54:22,966 | INFO    | runtime:devops_assistant | orchestrator:83 | run | Just entered Orchestrator ...
2026-01-18 18:54:22,968 | INFO    | runtime:devops_assistant | orchestrator:103 | run | We are inside graph.astream - an event is emitted ...
2026-01-18 18:54:22,968 | INFO    | runtime:devops_assistant | orchestrator:104 | run | {'stage_router': None}
2026-01-18 18:54:22,969 | INFO    | runtime:devops_assistant | orchestrator:106 | run | Emitting graph_event ...
2026-01-18 18:54:22,969 | INFO    | runtime:devops_assistant | orchestrator:109 | run | Now waiting for graph_event response
2026-01-18 18:54:22,969 | INFO    | runtime:devops_assistant | reload_manager:84 | _watch_workspace | Stopping workspace watcher for 'devops_assistant'
2026-01-18 18:55:35,426 | ERROR   | runtime:devops_assistant | reload_manager:87 | _watch_workspace | Error while watching workspace 'devops_assistant': 'dict' object has no attribute '_compute_version_hash'
2026-01-18 18:56:05,427 | ERROR   | runtime:devops_assistant | reload_manager:87 | _watch_workspace | Error while watching workspace 'devops_assistant': 'dict' object has no attribute '_compute_version_hash'
2026-01-18 18:56:21,296 | INFO    | runtime:devops_assistant | orchestrator:83 | run | Just entered Orchestrator ...
2026-01-18 18:56:21,298 | INFO    | runtime:devops_assistant | orchestrator:103 | run | We are inside graph.astream - an event is emitted ...
2026-01-18 18:56:21,298 | INFO    | runtime:devops_assistant | orchestrator:104 | run | {'stage_router': None}
2026-01-18 18:56:21,298 | INFO    | runtime:devops_assistant | orchestrator:106 | run | Emitting graph_event ...
2026-01-18 18:56:21,298 | INFO    | runtime:devops_assistant | orchestrator:109 | run | Now waiting for graph_event response
2026-01-18 18:56:21,299 | INFO    | runtime:devops_assistant | reload_manager:84 | _watch_workspace | Stopping workspace watcher for 'devops_assistant'
2026-01-18 19:17:39,254 | INFO    | runtime:devops_assistant | orchestrator:83 | run | Just entered Orchestrator ...
2026-01-18 19:17:39,256 | INFO    | runtime:devops_assistant | orchestrator:103 | run | We are inside graph.astream - an event is emitted ...
2026-01-18 19:17:39,256 | INFO    | runtime:devops_assistant | orchestrator:104 | run | {'stage_router': None}
2026-01-18 19:17:39,256 | INFO    | runtime:devops_assistant | orchestrator:106 | run | Emitting graph_event ...
2026-01-18 19:17:39,256 | INFO    | runtime:devops_assistant | orchestrator:109 | run | Now waiting for graph_event response
2026-01-18 19:17:39,257 | INFO    | runtime:devops_assistant | reload_manager:84 | _watch_workspace | Stopping workspace watcher for 'devops_assistant'
2026-01-18 19:17:54,317 | INFO    | runtime:devops_assistant | orchestrator:83 | run | Just entered Orchestrator ...
2026-01-18 19:17:54,319 | INFO    | runtime:devops_assistant | orchestrator:103 | run | We are inside graph.astream - an event is emitted ...
2026-01-18 19:17:54,319 | INFO    | runtime:devops_assistant | orchestrator:104 | run | {'stage_router': None}
2026-01-18 19:17:54,319 | INFO    | runtime:devops_assistant | orchestrator:106 | run | Emitting graph_event ...
2026-01-18 19:17:54,319 | INFO    | runtime:devops_assistant | orchestrator:109 | run | Now waiting for graph_event response
2026-01-18 19:17:54,320 | INFO    | runtime:devops_assistant | reload_manager:84 | _watch_workspace | Stopping workspace watcher for 'devops_assistant'
2026-01-18 19:18:07,861 | INFO    | runtime:devops_assistant | orchestrator:83 | run | Just entered Orchestrator ...
2026-01-18 19:18:07,863 | INFO    | runtime:devops_assistant | orchestrator:103 | run | We are inside graph.astream - an event is emitted ...
2026-01-18 19:18:07,863 | INFO    | runtime:devops_assistant | orchestrator:104 | run | {'stage_router': None}
2026-01-18 19:18:07,863 | INFO    | runtime:devops_assistant | orchestrator:106 | run | Emitting graph_event ...
2026-01-18 19:18:07,863 | INFO    | runtime:devops_assistant | orchestrator:109 | run | Now waiting for graph_event response
2026-01-18 19:18:07,864 | INFO    | runtime:devops_assistant | reload_manager:84 | _watch_workspace | Stopping workspace watcher for 'devops_assistant'
2026-01-18 19:18:32,381 | INFO    | runtime:devops_assistant | orchestrator:83 | run | Just entered Orchestrator ...
2026-01-18 19:18:32,383 | INFO    | runtime:devops_assistant | orchestrator:103 | run | We are inside graph.astream - an event is emitted ...
2026-01-18 19:18:32,383 | INFO    | runtime:devops_assistant | orchestrator:104 | run | {'stage_router': None}
2026-01-18 19:18:32,384 | INFO    | runtime:devops_assistant | orchestrator:106 | run | Emitting graph_event ...
2026-01-18 19:18:32,384 | INFO    | runtime:devops_assistant | orchestrator:109 | run | Now waiting for graph_event response
2026-01-18 19:18:32,385 | INFO    | runtime:devops_assistant | reload_manager:84 | _watch_workspace | Stopping workspace watcher for 'devops_assistant'
2026-01-18 19:19:14,128 | INFO    | runtime:devops_assistant | orchestrator:83 | run | Just entered Orchestrator ...
2026-01-18 19:19:14,130 | INFO    | runtime:devops_assistant | orchestrator:103 | run | We are inside graph.astream - an event is emitted ...
2026-01-18 19:19:14,130 | INFO    | runtime:devops_assistant | orchestrator:104 | run | {'stage_router': None}
2026-01-18 19:19:14,130 | INFO    | runtime:devops_assistant | orchestrator:106 | run | Emitting graph_event ...
2026-01-18 19:19:14,130 | INFO    | runtime:devops_assistant | orchestrator:109 | run | Now waiting for graph_event response
2026-01-18 19:19:14,131 | INFO    | runtime:devops_assistant | reload_manager:84 | _watch_workspace | Stopping workspace watcher for 'devops_assistant'
2026-01-18 19:19:44,622 | INFO    | runtime:devops_assistant | orchestrator:83 | run | Just entered Orchestrator ...
2026-01-18 19:19:44,624 | INFO    | runtime:devops_assistant | orchestrator:103 | run | We are inside graph.astream - an event is emitted ...
2026-01-18 19:19:44,624 | INFO    | runtime:devops_assistant | orchestrator:104 | run | {'stage_router': None}
2026-01-18 19:19:44,624 | INFO    | runtime:devops_assistant | orchestrator:106 | run | Emitting graph_event ...
2026-01-18 19:19:44,624 | INFO    | runtime:devops_assistant | orchestrator:109 | run | Now waiting for graph_event response
2026-01-18 19:19:44,625 | INFO    | runtime:devops_assistant | reload_manager:84 | _watch_workspace | Stopping workspace watcher for 'devops_assistant'
2026-01-18 19:20:02,789 | INFO    | runtime:devops_assistant | orchestrator:83 | run | Just entered Orchestrator ...
2026-01-18 19:20:02,792 | INFO    | runtime:devops_assistant | orchestrator:103 | run | We are inside graph.astream - an event is emitted ...
2026-01-18 19:20:02,792 | INFO    | runtime:devops_assistant | orchestrator:104 | run | {'stage_router': None}
2026-01-18 19:20:02,792 | INFO    | runtime:devops_assistant | orchestrator:106 | run | Emitting graph_event ...
2026-01-18 19:20:02,792 | INFO    | runtime:devops_assistant | orchestrator:109 | run | Now waiting for graph_event response
2026-01-18 19:20:02,793 | INFO    | runtime:devops_assistant | reload_manager:84 | _watch_workspace | Stopping workspace watcher for 'devops_assistant'
2026-01-18 19:33:21,059 | INFO    | runtime:devops_assistant | orchestrator:83 | run | Just entered Orchestrator ...
2026-01-18 19:33:21,061 | INFO    | runtime:devops_assistant | orchestrator:103 | run | We are inside graph.astream - an event is emitted ...
2026-01-18 19:33:21,061 | INFO    | runtime:devops_assistant | orchestrator:104 | run | {'stage_router': None}
2026-01-18 19:33:21,061 | INFO    | runtime:devops_assistant | orchestrator:106 | run | Emitting graph_event ...
2026-01-18 19:33:21,061 | INFO    | runtime:devops_assistant | orchestrator:109 | run | Now waiting for graph_event response
2026-01-18 19:33:21,062 | INFO    | runtime:devops_assistant | reload_manager:84 | _watch_workspace | Stopping workspace watcher for 'devops_assistant'
2026-01-18 19:36:04,795 | ERROR   | runtime:devops_assistant | reload_manager:87 | _watch_workspace | Error while watching workspace 'devops_assistant': 'dict' object has no attribute '_compute_version_hash'
2026-01-18 19:36:34,795 | ERROR   | runtime:devops_assistant | reload_manager:87 | _watch_workspace | Error while watching workspace 'devops_assistant': 'dict' object has no attribute '_compute_version_hash'
2026-01-18 19:36:51,389 | INFO    | runtime:devops_assistant | orchestrator:83 | run | Just entered Orchestrator ...
2026-01-18 19:36:51,391 | INFO    | runtime:devops_assistant | orchestrator:103 | run | We are inside graph.astream - an event is emitted ...
2026-01-18 19:36:51,392 | INFO    | runtime:devops_assistant | orchestrator:104 | run | {'stage_router': None}
2026-01-18 19:36:51,392 | INFO    | runtime:devops_assistant | orchestrator:106 | run | Emitting graph_event ...
2026-01-18 19:36:51,392 | INFO    | runtime:devops_assistant | orchestrator:109 | run | Now waiting for graph_event response
2026-01-18 19:36:51,393 | INFO    | runtime:devops_assistant | reload_manager:84 | _watch_workspace | Stopping workspace watcher for 'devops_assistant'
2026-01-18 19:40:09,583 | INFO    | runtime:devops_assistant | orchestrator:83 | run | Just entered Orchestrator ...
2026-01-18 19:40:09,585 | INFO    | runtime:devops_assistant | orchestrator:103 | run | We are inside graph.astream - an event is emitted ...
2026-01-18 19:40:09,585 | INFO    | runtime:devops_assistant | orchestrator:104 | run | {'stage_router': None}
2026-01-18 19:40:09,585 | INFO    | runtime:devops_assistant | orchestrator:106 | run | Emitting graph_event ...
2026-01-18 19:40:09,585 | INFO    | runtime:devops_assistant | orchestrator:109 | run | Now waiting for graph_event response
2026-01-18 19:40:09,586 | INFO    | runtime:devops_assistant | reload_manager:84 | _watch_workspace | Stopping workspace watcher for 'devops_assistant'
2026-01-18 19:40:38,202 | INFO    | runtime:devops_assistant | orchestrator:83 | run | Just entered Orchestrator ...
2026-01-18 19:40:38,204 | INFO    | runtime:devops_assistant | orchestrator:103 | run | We are inside graph.astream - an event is emitted ...
2026-01-18 19:40:38,204 | INFO    | runtime:devops_assistant | orchestrator:104 | run | {'stage_router': None}
2026-01-18 19:40:38,204 | INFO    | runtime:devops_assistant | orchestrator:106 | run | Emitting graph_event ...
2026-01-18 19:40:38,204 | INFO    | runtime:devops_assistant | orchestrator:109 | run | Now waiting for graph_event response
2026-01-18 19:40:38,205 | INFO    | runtime:devops_assistant | reload_manager:84 | _watch_workspace | Stopping workspace watcher for 'devops_assistant'
2026-01-18 19:46:28,278 | INFO    | runtime:devops_assistant | reload_manager:84 | _watch_workspace | Stopping workspace watcher for 'devops_assistant'
2026-01-18 19:47:03,370 | INFO    | runtime:devops_assistant | orchestrator:83 | run | Just entered Orchestrator ...
2026-01-18 19:47:03,372 | INFO    | runtime:devops_assistant | orchestrator:103 | run | We are inside graph.astream - an event is emitted ...
2026-01-18 19:47:03,372 | INFO    | runtime:devops_assistant | orchestrator:104 | run | {'stage_router': None}
2026-01-18 19:47:03,372 | INFO    | runtime:devops_assistant | orchestrator:106 | run | Emitting graph_event ...
2026-01-18 19:47:03,372 | INFO    | runtime:devops_assistant | orchestrator:109 | run | Now waiting for graph_event response
2026-01-18 19:47:03,373 | INFO    | runtime:devops_assistant | reload_manager:84 | _watch_workspace | Stopping workspace watcher for 'devops_assistant'
2026-01-18 19:49:06,230 | INFO    | runtime:devops_assistant | orchestrator:83 | run | Just entered Orchestrator ...
2026-01-18 19:49:06,232 | INFO    | runtime:devops_assistant | orchestrator:103 | run | We are inside graph.astream - an event is emitted ...
2026-01-18 19:49:06,232 | INFO    | runtime:devops_assistant | orchestrator:104 | run | {'stage_router': None}
2026-01-18 19:49:06,232 | INFO    | runtime:devops_assistant | orchestrator:106 | run | Emitting graph_event ...
2026-01-18 19:49:06,232 | INFO    | runtime:devops_assistant | orchestrator:109 | run | Now waiting for graph_event response
2026-01-18 19:49:06,233 | INFO    | runtime:devops_assistant | reload_manager:84 | _watch_workspace | Stopping workspace watcher for 'devops_assistant'
2026-01-18 19:51:23,181 | INFO    | runtime:devops_assistant | orchestrator:83 | run | Just entered Orchestrator ...
2026-01-18 19:51:23,183 | INFO    | runtime:devops_assistant | orchestrator:103 | run | We are inside graph.astream - an event is emitted ...
2026-01-18 19:51:23,183 | INFO    | runtime:devops_assistant | orchestrator:104 | run | {'stage_router': None}
2026-01-18 19:51:23,183 | INFO    | runtime:devops_assistant | orchestrator:106 | run | Emitting graph_event ...
2026-01-18 19:51:23,183 | INFO    | runtime:devops_assistant | orchestrator:109 | run | Now waiting for graph_event response
2026-01-18 19:51:23,184 | INFO    | runtime:devops_assistant | reload_manager:84 | _watch_workspace | Stopping workspace watcher for 'devops_assistant'
2026-01-18 19:52:00,460 | INFO    | runtime:devops_assistant | orchestrator:83 | run | Just entered Orchestrator ...
2026-01-18 19:52:00,462 | INFO    | runtime:devops_assistant | orchestrator:103 | run | We are inside graph.astream - an event is emitted ...
2026-01-18 19:52:00,462 | INFO    | runtime:devops_assistant | orchestrator:104 | run | {'stage_router': None}
2026-01-18 19:52:00,462 | INFO    | runtime:devops_assistant | orchestrator:106 | run | Emitting graph_event ...
2026-01-18 19:52:00,462 | INFO    | runtime:devops_assistant | orchestrator:109 | run | Now waiting for graph_event response
2026-01-18 19:52:00,463 | INFO    | runtime:devops_assistant | reload_manager:84 | _watch_workspace | Stopping workspace watcher for 'devops_assistant'
2026-01-18 19:54:17,030 | INFO    | runtime:devops_assistant | orchestrator:83 | run | Just entered Orchestrator ...
2026-01-18 19:54:17,032 | INFO    | runtime:devops_assistant | orchestrator:103 | run | We are inside graph.astream - an event is emitted ...
2026-01-18 19:54:17,033 | INFO    | runtime:devops_assistant | orchestrator:104 | run | {'stage_router': None}
2026-01-18 19:54:17,033 | INFO    | runtime:devops_assistant | orchestrator:106 | run | Emitting graph_event ...
2026-01-18 19:54:17,033 | INFO    | runtime:devops_assistant | orchestrator:109 | run | Now waiting for graph_event response
2026-01-18 19:54:17,034 | INFO    | runtime:devops_assistant | reload_manager:84 | _watch_workspace | Stopping workspace watcher for 'devops_assistant'
2026-01-18 19:54:47,461 | INFO    | runtime:devops_assistant | orchestrator:83 | run | Just entered Orchestrator ...
2026-01-18 19:54:47,463 | INFO    | runtime:devops_assistant | orchestrator:103 | run | We are inside graph.astream - an event is emitted ...
2026-01-18 19:54:47,463 | INFO    | runtime:devops_assistant | orchestrator:104 | run | {'stage_router': None}
2026-01-18 19:54:47,463 | INFO    | runtime:devops_assistant | orchestrator:106 | run | Emitting graph_event ...
2026-01-18 19:54:47,463 | INFO    | runtime:devops_assistant | orchestrator:109 | run | Now waiting for graph_event response
2026-01-18 19:54:47,464 | INFO    | runtime:devops_assistant | reload_manager:84 | _watch_workspace | Stopping workspace watcher for 'devops_assistant'
2026-01-18 19:55:35,629 | INFO    | runtime:devops_assistant | orchestrator:83 | run | Just entered Orchestrator ...
2026-01-18 19:55:35,631 | INFO    | runtime:devops_assistant | orchestrator:103 | run | We are inside graph.astream - an event is emitted ...
2026-01-18 19:55:35,631 | INFO    | runtime:devops_assistant | orchestrator:104 | run | {'stage_router': None}
2026-01-18 19:55:35,631 | INFO    | runtime:devops_assistant | orchestrator:106 | run | Emitting graph_event ...
2026-01-18 19:55:35,631 | INFO    | runtime:devops_assistant | orchestrator:109 | run | Now waiting for graph_event response
2026-01-18 19:55:35,632 | INFO    | runtime:devops_assistant | reload_manager:84 | _watch_workspace | Stopping workspace watcher for 'devops_assistant'
2026-01-18 19:56:06,107 | INFO    | runtime:devops_assistant | orchestrator:83 | run | Just entered Orchestrator ...
2026-01-18 19:56:06,109 | INFO    | runtime:devops_assistant | orchestrator:103 | run | We are inside graph.astream - an event is emitted ...
2026-01-18 19:56:06,109 | INFO    | runtime:devops_assistant | orchestrator:104 | run | {'stage_router': None}
2026-01-18 19:56:06,109 | INFO    | runtime:devops_assistant | orchestrator:106 | run | Emitting graph_event ...
2026-01-18 19:56:06,109 | INFO    | runtime:devops_assistant | orchestrator:109 | run | Now waiting for graph_event response
2026-01-18 19:56:06,110 | INFO    | runtime:devops_assistant | reload_manager:84 | _watch_workspace | Stopping workspace watcher for 'devops_assistant'
2026-01-18 19:56:16,009 | INFO    | runtime:devops_assistant | orchestrator:83 | run | Just entered Orchestrator ...
2026-01-18 19:56:16,011 | INFO    | runtime:devops_assistant | orchestrator:103 | run | We are inside graph.astream - an event is emitted ...
2026-01-18 19:56:16,011 | INFO    | runtime:devops_assistant | orchestrator:104 | run | {'stage_router': None}
2026-01-18 19:56:16,011 | INFO    | runtime:devops_assistant | orchestrator:106 | run | Emitting graph_event ...
2026-01-18 19:56:16,011 | INFO    | runtime:devops_assistant | orchestrator:109 | run | Now waiting for graph_event response
2026-01-18 19:56:16,012 | INFO    | runtime:devops_assistant | reload_manager:84 | _watch_workspace | Stopping workspace watcher for 'devops_assistant'
2026-01-18 19:57:17,342 | INFO    | runtime:devops_assistant | orchestrator:83 | run | Just entered Orchestrator ...
2026-01-18 19:57:17,344 | INFO    | runtime:devops_assistant | orchestrator:103 | run | We are inside graph.astream - an event is emitted ...
2026-01-18 19:57:17,344 | INFO    | runtime:devops_assistant | orchestrator:104 | run | {'stage_router': None}
2026-01-18 19:57:17,344 | INFO    | runtime:devops_assistant | orchestrator:106 | run | Emitting graph_event ...
2026-01-18 19:57:17,344 | INFO    | runtime:devops_assistant | orchestrator:109 | run | Now waiting for graph_event response
2026-01-18 19:57:17,345 | INFO    | runtime:devops_assistant | reload_manager:84 | _watch_workspace | Stopping workspace watcher for 'devops_assistant'
2026-01-18 19:57:47,106 | INFO    | runtime:devops_assistant | orchestrator:83 | run | Just entered Orchestrator ...
2026-01-18 19:57:47,108 | INFO    | runtime:devops_assistant | orchestrator:103 | run | We are inside graph.astream - an event is emitted ...
2026-01-18 19:57:47,108 | INFO    | runtime:devops_assistant | orchestrator:104 | run | {'stage_router': None}
2026-01-18 19:57:47,108 | INFO    | runtime:devops_assistant | orchestrator:106 | run | Emitting graph_event ...
2026-01-18 19:57:47,108 | INFO    | runtime:devops_assistant | orchestrator:109 | run | Now waiting for graph_event response
2026-01-18 19:57:47,109 | INFO    | runtime:devops_assistant | reload_manager:84 | _watch_workspace | Stopping workspace watcher for 'devops_assistant'
2026-01-18 19:58:24,627 | INFO    | runtime:devops_assistant | orchestrator:83 | run | Just entered Orchestrator ...
2026-01-18 19:58:24,629 | INFO    | runtime:devops_assistant | orchestrator:103 | run | We are inside graph.astream - an event is emitted ...
2026-01-18 19:58:24,629 | INFO    | runtime:devops_assistant | orchestrator:104 | run | {'stage_router': None}
2026-01-18 19:58:24,629 | INFO    | runtime:devops_assistant | orchestrator:106 | run | Emitting graph_event ...
2026-01-18 19:58:24,629 | INFO    | runtime:devops_assistant | orchestrator:109 | run | Now waiting for graph_event response
2026-01-18 19:58:24,630 | INFO    | runtime:devops_assistant | reload_manager:84 | _watch_workspace | Stopping workspace watcher for 'devops_assistant'
2026-01-18 19:59:39,945 | INFO    | runtime:devops_assistant | orchestrator:83 | run | Just entered Orchestrator ...
2026-01-18 19:59:39,947 | INFO    | runtime:devops_assistant | orchestrator:103 | run | We are inside graph.astream - an event is emitted ...
2026-01-18 19:59:39,947 | INFO    | runtime:devops_assistant | orchestrator:104 | run | {'stage_router': None}
2026-01-18 19:59:39,947 | INFO    | runtime:devops_assistant | orchestrator:106 | run | Emitting graph_event ...
2026-01-18 19:59:39,947 | INFO    | runtime:devops_assistant | orchestrator:109 | run | Now waiting for graph_event response
2026-01-18 19:59:39,948 | INFO    | runtime:devops_assistant | reload_manager:84 | _watch_workspace | Stopping workspace watcher for 'devops_assistant'
2026-01-18 20:00:11,200 | INFO    | runtime:devops_assistant | orchestrator:83 | run | Just entered Orchestrator ...
2026-01-18 20:00:11,202 | INFO    | runtime:devops_assistant | orchestrator:103 | run | We are inside graph.astream - an event is emitted ...
2026-01-18 20:00:11,202 | INFO    | runtime:devops_assistant | orchestrator:104 | run | {'stage_router': None}
2026-01-18 20:00:11,202 | INFO    | runtime:devops_assistant | orchestrator:106 | run | Emitting graph_event ...
2026-01-18 20:00:11,202 | INFO    | runtime:devops_assistant | orchestrator:109 | run | Now waiting for graph_event response
2026-01-18 20:00:11,203 | INFO    | runtime:devops_assistant | reload_manager:84 | _watch_workspace | Stopping workspace watcher for 'devops_assistant'
2026-01-18 20:00:48,448 | ERROR   | runtime:devops_assistant | reload_manager:87 | _watch_workspace | Error while watching workspace 'devops_assistant': 'dict' object has no attribute '_compute_version_hash'
2026-01-18 20:01:18,448 | ERROR   | runtime:devops_assistant | reload_manager:87 | _watch_workspace | Error while watching workspace 'devops_assistant': 'dict' object has no attribute '_compute_version_hash'
2026-01-18 20:01:33,055 | INFO    | runtime:devops_assistant | orchestrator:83 | run | Just entered Orchestrator ...
2026-01-18 20:01:33,057 | INFO    | runtime:devops_assistant | orchestrator:103 | run | We are inside graph.astream - an event is emitted ...
2026-01-18 20:01:33,057 | INFO    | runtime:devops_assistant | orchestrator:104 | run | {'stage_router': None}
2026-01-18 20:01:33,057 | INFO    | runtime:devops_assistant | orchestrator:106 | run | Emitting graph_event ...
2026-01-18 20:01:33,057 | INFO    | runtime:devops_assistant | orchestrator:109 | run | Now waiting for graph_event response
2026-01-18 20:01:33,058 | INFO    | runtime:devops_assistant | reload_manager:84 | _watch_workspace | Stopping workspace watcher for 'devops_assistant'
2026-01-18 20:03:30,113 | INFO    | runtime:devops_assistant | orchestrator:83 | run | Just entered Orchestrator ...
2026-01-18 20:03:30,116 | INFO    | runtime:devops_assistant | orchestrator:103 | run | We are inside graph.astream - an event is emitted ...
2026-01-18 20:03:30,116 | INFO    | runtime:devops_assistant | orchestrator:104 | run | {'stage_router': None}
2026-01-18 20:03:30,116 | INFO    | runtime:devops_assistant | orchestrator:106 | run | Emitting graph_event ...
2026-01-18 20:03:30,116 | INFO    | runtime:devops_assistant | orchestrator:109 | run | Now waiting for graph_event response
2026-01-18 20:03:30,117 | INFO    | runtime:devops_assistant | reload_manager:84 | _watch_workspace | Stopping workspace watcher for 'devops_assistant'
2026-01-18 20:04:36,178 | ERROR   | runtime:devops_assistant | reload_manager:87 | _watch_workspace | Error while watching workspace 'devops_assistant': 'dict' object has no attribute '_compute_version_hash'
2026-01-18 20:05:06,178 | ERROR   | runtime:devops_assistant | reload_manager:87 | _watch_workspace | Error while watching workspace 'devops_assistant': 'dict' object has no attribute '_compute_version_hash'
2026-01-18 20:05:22,883 | INFO    | runtime:devops_assistant | orchestrator:83 | run | Just entered Orchestrator ...
2026-01-18 20:05:22,885 | INFO    | runtime:devops_assistant | orchestrator:103 | run | We are inside graph.astream - an event is emitted ...
2026-01-18 20:05:22,885 | INFO    | runtime:devops_assistant | orchestrator:104 | run | {'stage_router': None}
2026-01-18 20:05:22,885 | INFO    | runtime:devops_assistant | orchestrator:106 | run | Emitting graph_event ...
2026-01-18 20:05:22,885 | INFO    | runtime:devops_assistant | orchestrator:109 | run | Now waiting for graph_event response
2026-01-18 20:05:22,886 | INFO    | runtime:devops_assistant | reload_manager:84 | _watch_workspace | Stopping workspace watcher for 'devops_assistant'
2026-01-18 20:06:09,368 | INFO    | runtime:devops_assistant | orchestrator:83 | run | Just entered Orchestrator ...
2026-01-18 20:06:09,371 | INFO    | runtime:devops_assistant | orchestrator:103 | run | We are inside graph.astream - an event is emitted ...
2026-01-18 20:06:09,371 | INFO    | runtime:devops_assistant | orchestrator:104 | run | {'stage_router': None}
2026-01-18 20:06:09,371 | INFO    | runtime:devops_assistant | orchestrator:106 | run | Emitting graph_event ...
2026-01-18 20:06:09,371 | INFO    | runtime:devops_assistant | orchestrator:109 | run | Now waiting for graph_event response
2026-01-18 20:06:09,372 | INFO    | runtime:devops_assistant | reload_manager:84 | _watch_workspace | Stopping workspace watcher for 'devops_assistant'
2026-01-18 20:06:37,468 | INFO    | runtime:devops_assistant | orchestrator:83 | run | Just entered Orchestrator ...
2026-01-18 20:06:37,471 | INFO    | runtime:devops_assistant | orchestrator:103 | run | We are inside graph.astream - an event is emitted ...
2026-01-18 20:06:37,471 | INFO    | runtime:devops_assistant | orchestrator:104 | run | {'stage_router': None}
2026-01-18 20:06:37,471 | INFO    | runtime:devops_assistant | orchestrator:106 | run | Emitting graph_event ...
2026-01-18 20:06:37,471 | INFO    | runtime:devops_assistant | orchestrator:109 | run | Now waiting for graph_event response
2026-01-18 20:06:37,472 | INFO    | runtime:devops_assistant | reload_manager:84 | _watch_workspace | Stopping workspace watcher for 'devops_assistant'
2026-01-18 20:08:51,258 | INFO    | runtime:devops_assistant | reload_manager:84 | _watch_workspace | Stopping workspace watcher for 'devops_assistant'
2026-01-18 20:09:12,047 | INFO    | runtime:devops_assistant | orchestrator:83 | run | Just entered Orchestrator ...
2026-01-18 20:09:12,049 | INFO    | runtime:devops_assistant | orchestrator:103 | run | We are inside graph.astream - an event is emitted ...
2026-01-18 20:09:12,049 | INFO    | runtime:devops_assistant | orchestrator:104 | run | {'stage_router': None}
2026-01-18 20:09:12,049 | INFO    | runtime:devops_assistant | orchestrator:106 | run | Emitting graph_event ...
2026-01-18 20:09:12,049 | INFO    | runtime:devops_assistant | orchestrator:109 | run | Now waiting for graph_event response
2026-01-18 20:09:12,050 | INFO    | runtime:devops_assistant | reload_manager:84 | _watch_workspace | Stopping workspace watcher for 'devops_assistant'
2026-01-18 21:06:22,366 | INFO    | runtime:devops_assistant | orchestrator:83 | run | Just entered Orchestrator ...
2026-01-18 21:06:22,389 | INFO    | runtime:devops_assistant | orchestrator:103 | run | We are inside graph.astream - an event is emitted ...
2026-01-18 21:06:22,389 | INFO    | runtime:devops_assistant | orchestrator:104 | run | {'stage_router': None}
2026-01-18 21:06:22,389 | INFO    | runtime:devops_assistant | orchestrator:106 | run | Emitting graph_event ...
2026-01-18 21:06:22,389 | INFO    | runtime:devops_assistant | orchestrator:109 | run | Now waiting for graph_event response
2026-01-18 21:06:22,391 | INFO    | runtime:devops_assistant | reload_manager:84 | _watch_workspace | Stopping workspace watcher for 'devops_assistant'
2026-01-18 21:10:04,227 | INFO    | runtime:devops_assistant | orchestrator:83 | run | Just entered Orchestrator ...
2026-01-18 21:10:04,229 | INFO    | runtime:devops_assistant | orchestrator:103 | run | We are inside graph.astream - an event is emitted ...
2026-01-18 21:10:04,229 | INFO    | runtime:devops_assistant | orchestrator:104 | run | {'stage_router': None}
2026-01-18 21:10:04,229 | INFO    | runtime:devops_assistant | orchestrator:106 | run | Emitting graph_event ...
2026-01-18 21:10:04,229 | INFO    | runtime:devops_assistant | orchestrator:109 | run | Now waiting for graph_event response
2026-01-18 21:10:04,231 | INFO    | runtime:devops_assistant | reload_manager:84 | _watch_workspace | Stopping workspace watcher for 'devops_assistant'
2026-01-18 21:10:34,119 | INFO    | runtime:devops_assistant | orchestrator:83 | run | Just entered Orchestrator ...
2026-01-18 21:10:34,121 | INFO    | runtime:devops_assistant | orchestrator:103 | run | We are inside graph.astream - an event is emitted ...
2026-01-18 21:10:34,121 | INFO    | runtime:devops_assistant | orchestrator:104 | run | {'stage_router': None}
2026-01-18 21:10:34,121 | INFO    | runtime:devops_assistant | orchestrator:106 | run | Emitting graph_event ...
2026-01-18 21:10:34,121 | INFO    | runtime:devops_assistant | orchestrator:109 | run | Now waiting for graph_event response
2026-01-18 21:10:34,122 | INFO    | runtime:devops_assistant | reload_manager:84 | _watch_workspace | Stopping workspace watcher for 'devops_assistant'
2026-01-18 21:14:35,398 | INFO    | runtime:devops_assistant | orchestrator:83 | run | Just entered Orchestrator ...
2026-01-18 21:14:35,401 | INFO    | runtime:devops_assistant | orchestrator:103 | run | We are inside graph.astream - an event is emitted ...
2026-01-18 21:14:35,401 | INFO    | runtime:devops_assistant | orchestrator:104 | run | {'stage_router': None}
2026-01-18 21:14:35,401 | INFO    | runtime:devops_assistant | orchestrator:106 | run | Emitting graph_event ...
2026-01-18 21:14:35,401 | INFO    | runtime:devops_assistant | orchestrator:109 | run | Now waiting for graph_event response
2026-01-18 21:14:35,402 | INFO    | runtime:devops_assistant | reload_manager:84 | _watch_workspace | Stopping workspace watcher for 'devops_assistant'
2026-01-18 21:16:07,901 | INFO    | runtime:devops_assistant | orchestrator:83 | run | Just entered Orchestrator ...
2026-01-18 21:16:07,903 | INFO    | runtime:devops_assistant | orchestrator:103 | run | We are inside graph.astream - an event is emitted ...
2026-01-18 21:16:07,903 | INFO    | runtime:devops_assistant | orchestrator:104 | run | {'stage_router': None}
2026-01-18 21:16:07,903 | INFO    | runtime:devops_assistant | orchestrator:106 | run | Emitting graph_event ...
2026-01-18 21:16:07,903 | INFO    | runtime:devops_assistant | orchestrator:109 | run | Now waiting for graph_event response
2026-01-18 21:16:07,904 | INFO    | runtime:devops_assistant | orchestrator:103 | run | We are inside graph.astream - an event is emitted ...
2026-01-18 21:16:07,904 | INFO    | runtime:devops_assistant | orchestrator:104 | run | {'SpecInspectorAgent': {'executed_agents_per_stage': {'spec_check': ['SpecInspectorAgent']}, 'history_agents': [{'stage': 'spec_check', 'role': 'SpecInspectorAgent', 'output': "# ROLE\n\n\n# INTENT\nNo intent defined.\n\n# JUDGMENT POSTURE\nObjective\n\n# AUTHORITY\nGeneral execution authority.\n\n# CONSTRAINTS\n\nCurrent Task: <runtime.artifact_factory.ArtifactFactory object at 0x123c03230>\n\nTarget Artifact: {'session_id': '8f3c7e1a-1234-4567-890a-abcdef123456', 'task': None, 'stage': 'spec_check', 'done': False, 'history_agents': [], 'rewards': {}, 'winner': {}, 'decision': {}, 'executed_agents_per_stage': {}, 'agent': 'SpecInspectorAgent'}"}]}}
2026-01-18 21:16:07,905 | INFO    | runtime:devops_assistant | orchestrator:106 | run | Emitting graph_event ...
2026-01-18 21:16:07,905 | INFO    | runtime:devops_assistant | orchestrator:109 | run | Now waiting for graph_event response
2026-01-18 21:16:07,906 | INFO    | runtime:devops_assistant | orchestrator:103 | run | We are inside graph.astream - an event is emitted ...
2026-01-18 21:16:07,906 | INFO    | runtime:devops_assistant | orchestrator:104 | run | {'stage_router': {'done': True}}
2026-01-18 21:16:07,906 | INFO    | runtime:devops_assistant | orchestrator:106 | run | Emitting graph_event ...
2026-01-18 21:16:07,906 | INFO    | runtime:devops_assistant | orchestrator:109 | run | Now waiting for graph_event response
2026-01-18 21:16:07,906 | INFO    | runtime:devops_assistant | orchestrator:111 | run | Exited from graph.astream
2026-01-18 21:16:07,906 | INFO    | runtime:devops_assistant | reload_manager:84 | _watch_workspace | Stopping workspace watcher for 'devops_assistant'
2026-01-18 21:16:46,768 | INFO    | runtime:devops_assistant | orchestrator:83 | run | Just entered Orchestrator ...
2026-01-18 21:16:46,770 | INFO    | runtime:devops_assistant | orchestrator:103 | run | We are inside graph.astream - an event is emitted ...
2026-01-18 21:16:46,770 | INFO    | runtime:devops_assistant | orchestrator:104 | run | {'stage_router': None}
2026-01-18 21:16:46,770 | INFO    | runtime:devops_assistant | orchestrator:106 | run | Emitting graph_event ...
2026-01-18 21:16:46,770 | INFO    | runtime:devops_assistant | orchestrator:109 | run | Now waiting for graph_event response
2026-01-18 21:16:46,771 | INFO    | runtime:devops_assistant | orchestrator:103 | run | We are inside graph.astream - an event is emitted ...
2026-01-18 21:16:46,771 | INFO    | runtime:devops_assistant | orchestrator:104 | run | {'SpecInspectorAgent': {'executed_agents_per_stage': {'spec_check': ['SpecInspectorAgent']}, 'history_agents': [{'stage': 'spec_check', 'role': 'SpecInspectorAgent', 'output': "# ROLE\n\n\n# INTENT\nNo intent defined.\n\n# JUDGMENT POSTURE\nObjective\n\n# AUTHORITY\nGeneral execution authority.\n\n# CONSTRAINTS\n\nCurrent Task: <runtime.artifact_factory.ArtifactFactory object at 0x117efb230>\n\nTarget Artifact: {'session_id': '8f3c7e1a-1234-4567-890a-abcdef123456', 'task': None, 'stage': 'spec_check', 'done': False, 'history_agents': [], 'rewards': {}, 'winner': {}, 'decision': {}, 'executed_agents_per_stage': {}, 'agent': 'SpecInspectorAgent'}"}]}}
2026-01-18 21:16:46,771 | INFO    | runtime:devops_assistant | orchestrator:106 | run | Emitting graph_event ...
2026-01-18 21:16:46,771 | INFO    | runtime:devops_assistant | orchestrator:109 | run | Now waiting for graph_event response
2026-01-18 21:16:46,772 | INFO    | runtime:devops_assistant | orchestrator:103 | run | We are inside graph.astream - an event is emitted ...
2026-01-18 21:16:46,772 | INFO    | runtime:devops_assistant | orchestrator:104 | run | {'stage_router': {'done': True}}
2026-01-18 21:16:46,772 | INFO    | runtime:devops_assistant | orchestrator:106 | run | Emitting graph_event ...
2026-01-18 21:16:46,772 | INFO    | runtime:devops_assistant | orchestrator:109 | run | Now waiting for graph_event response
2026-01-18 21:16:46,773 | INFO    | runtime:devops_assistant | orchestrator:111 | run | Exited from graph.astream
2026-01-18 21:16:46,773 | INFO    | runtime:devops_assistant | reload_manager:84 | _watch_workspace | Stopping workspace watcher for 'devops_assistant'
2026-01-18 21:16:57,580 | INFO    | runtime:devops_assistant | orchestrator:83 | run | Just entered Orchestrator ...
2026-01-18 21:16:57,582 | INFO    | runtime:devops_assistant | orchestrator:103 | run | We are inside graph.astream - an event is emitted ...
2026-01-18 21:16:57,582 | INFO    | runtime:devops_assistant | orchestrator:104 | run | {'stage_router': None}
2026-01-18 21:16:57,582 | INFO    | runtime:devops_assistant | orchestrator:106 | run | Emitting graph_event ...
2026-01-18 21:16:57,582 | INFO    | runtime:devops_assistant | orchestrator:109 | run | Now waiting for graph_event response
2026-01-18 21:16:57,583 | INFO    | runtime:devops_assistant | orchestrator:103 | run | We are inside graph.astream - an event is emitted ...
2026-01-18 21:16:57,583 | INFO    | runtime:devops_assistant | orchestrator:104 | run | {'SpecInspectorAgent': {'executed_agents_per_stage': {'spec_check': ['SpecInspectorAgent']}, 'history_agents': [{'stage': 'spec_check', 'role': 'SpecInspectorAgent', 'output': "# ROLE\n\n\n# INTENT\nNo intent defined.\n\n# JUDGMENT POSTURE\nObjective\n\n# AUTHORITY\nGeneral execution authority.\n\n# CONSTRAINTS\n\nCurrent Task: <runtime.artifact_factory.ArtifactFactory object at 0x11b88f230>\n\nTarget Artifact: {'session_id': '8f3c7e1a-1234-4567-890a-abcdef123456', 'task': None, 'stage': 'spec_check', 'done': False, 'history_agents': [], 'rewards': {}, 'winner': {}, 'decision': {}, 'executed_agents_per_stage': {}, 'agent': 'SpecInspectorAgent'}"}]}}
2026-01-18 21:16:57,584 | INFO    | runtime:devops_assistant | orchestrator:106 | run | Emitting graph_event ...
2026-01-18 21:16:57,584 | INFO    | runtime:devops_assistant | orchestrator:109 | run | Now waiting for graph_event response
2026-01-18 21:16:57,585 | INFO    | runtime:devops_assistant | orchestrator:103 | run | We are inside graph.astream - an event is emitted ...
2026-01-18 21:16:57,585 | INFO    | runtime:devops_assistant | orchestrator:104 | run | {'stage_router': {'done': True}}
2026-01-18 21:16:57,585 | INFO    | runtime:devops_assistant | orchestrator:106 | run | Emitting graph_event ...
2026-01-18 21:16:57,585 | INFO    | runtime:devops_assistant | orchestrator:109 | run | Now waiting for graph_event response
2026-01-18 21:16:57,585 | INFO    | runtime:devops_assistant | orchestrator:111 | run | Exited from graph.astream
2026-01-18 21:16:57,585 | INFO    | runtime:devops_assistant | reload_manager:84 | _watch_workspace | Stopping workspace watcher for 'devops_assistant'
2026-01-18 21:17:21,009 | INFO    | runtime:devops_assistant | orchestrator:83 | run | Just entered Orchestrator ...
2026-01-18 21:17:21,011 | INFO    | runtime:devops_assistant | orchestrator:103 | run | We are inside graph.astream - an event is emitted ...
2026-01-18 21:17:21,011 | INFO    | runtime:devops_assistant | orchestrator:104 | run | {'stage_router': None}
2026-01-18 21:17:21,011 | INFO    | runtime:devops_assistant | orchestrator:106 | run | Emitting graph_event ...
2026-01-18 21:17:21,011 | INFO    | runtime:devops_assistant | orchestrator:109 | run | Now waiting for graph_event response
2026-01-18 21:17:21,012 | INFO    | runtime:devops_assistant | orchestrator:103 | run | We are inside graph.astream - an event is emitted ...
2026-01-18 21:17:21,012 | INFO    | runtime:devops_assistant | orchestrator:104 | run | {'SpecInspectorAgent': {'executed_agents_per_stage': {'spec_check': ['SpecInspectorAgent']}, 'history_agents': [{'stage': 'spec_check', 'role': 'SpecInspectorAgent', 'output': "# ROLE\n\n\n# INTENT\nNo intent defined.\n\n# JUDGMENT POSTURE\nObjective\n\n# AUTHORITY\nGeneral execution authority.\n\n# CONSTRAINTS\n\nCurrent Task: <runtime.artifact_factory.ArtifactFactory object at 0x11eb2f230>\n\nTarget Artifact: {'session_id': '8f3c7e1a-1234-4567-890a-abcdef123456', 'task': None, 'stage': 'spec_check', 'done': False, 'history_agents': [], 'rewards': {}, 'winner': {}, 'decision': {}, 'executed_agents_per_stage': {}, 'agent': 'SpecInspectorAgent'}"}]}}
2026-01-18 21:17:21,012 | INFO    | runtime:devops_assistant | orchestrator:106 | run | Emitting graph_event ...
2026-01-18 21:17:21,012 | INFO    | runtime:devops_assistant | orchestrator:109 | run | Now waiting for graph_event response
2026-01-18 21:17:21,013 | INFO    | runtime:devops_assistant | orchestrator:103 | run | We are inside graph.astream - an event is emitted ...
2026-01-18 21:17:21,013 | INFO    | runtime:devops_assistant | orchestrator:104 | run | {'stage_router': {'done': True}}
2026-01-18 21:17:21,013 | INFO    | runtime:devops_assistant | orchestrator:106 | run | Emitting graph_event ...
2026-01-18 21:17:21,013 | INFO    | runtime:devops_assistant | orchestrator:109 | run | Now waiting for graph_event response
2026-01-18 21:17:21,014 | INFO    | runtime:devops_assistant | orchestrator:111 | run | Exited from graph.astream
2026-01-18 21:17:21,014 | INFO    | runtime:devops_assistant | reload_manager:84 | _watch_workspace | Stopping workspace watcher for 'devops_assistant'
2026-01-18 21:21:29,607 | INFO    | runtime:devops_assistant | reload_manager:84 | _watch_workspace | Stopping workspace watcher for 'devops_assistant'
2026-01-18 21:22:29,025 | ERROR   | runtime:devops_assistant | reload_manager:87 | _watch_workspace | Error while watching workspace 'devops_assistant': 'dict' object has no attribute '_compute_version_hash'
2026-01-18 21:22:30,589 | INFO    | runtime:devops_assistant | orchestrator:83 | run | Just entered Orchestrator ...
2026-01-18 21:22:30,591 | INFO    | runtime:devops_assistant | orchestrator:103 | run | We are inside graph.astream - an event is emitted ...
2026-01-18 21:22:30,591 | INFO    | runtime:devops_assistant | orchestrator:104 | run | {'stage_router': None}
2026-01-18 21:22:30,591 | INFO    | runtime:devops_assistant | orchestrator:106 | run | Emitting graph_event ...
2026-01-18 21:22:30,591 | INFO    | runtime:devops_assistant | orchestrator:109 | run | Now waiting for graph_event response
2026-01-18 21:22:30,592 | INFO    | runtime:devops_assistant | orchestrator:103 | run | We are inside graph.astream - an event is emitted ...
2026-01-18 21:22:30,592 | INFO    | runtime:devops_assistant | orchestrator:104 | run | {'SpecInspectorAgent': {'executed_agents_per_stage': {'spec_check': ['SpecInspectorAgent']}, 'history_agents': [{'stage': 'spec_check', 'role': 'SpecInspectorAgent', 'output': "# ROLE\n\n\n# INTENT\nNo intent defined.\n\n# JUDGMENT POSTURE\nObjective\n\n# AUTHORITY\nGeneral execution authority.\n\n# CONSTRAINTS\n\nCurrent Task: <runtime.artifact_factory.ArtifactFactory object at 0x11a7134d0>\n\nTarget Artifact: {'session_id': '8f3c7e1a-1234-4567-890a-abcdef123456', 'task': None, 'stage': 'spec_check', 'done': False, 'history_agents': [], 'rewards': {}, 'winner': {}, 'decision': {}, 'executed_agents_per_stage': {}, 'agent': 'SpecInspectorAgent'}"}]}}
2026-01-18 21:22:30,592 | INFO    | runtime:devops_assistant | orchestrator:106 | run | Emitting graph_event ...
2026-01-18 21:22:30,592 | INFO    | runtime:devops_assistant | orchestrator:109 | run | Now waiting for graph_event response
2026-01-18 21:22:30,593 | INFO    | runtime:devops_assistant | orchestrator:103 | run | We are inside graph.astream - an event is emitted ...
2026-01-18 21:22:30,593 | INFO    | runtime:devops_assistant | orchestrator:104 | run | {'stage_router': {'done': True}}
2026-01-18 21:22:30,593 | INFO    | runtime:devops_assistant | orchestrator:106 | run | Emitting graph_event ...
2026-01-18 21:22:30,593 | INFO    | runtime:devops_assistant | orchestrator:109 | run | Now waiting for graph_event response
2026-01-18 21:22:30,594 | INFO    | runtime:devops_assistant | orchestrator:111 | run | Exited from graph.astream
2026-01-18 21:22:30,594 | INFO    | runtime:devops_assistant | reload_manager:84 | _watch_workspace | Stopping workspace watcher for 'devops_assistant'
2026-01-18 21:28:31,358 | INFO    | runtime:devops_assistant | orchestrator:81 | run | Just entered Orchestrator ...
2026-01-18 21:28:31,360 | INFO    | runtime:devops_assistant | orchestrator:101 | run | We are inside graph.astream - an event is emitted ...
2026-01-18 21:28:31,360 | INFO    | runtime:devops_assistant | orchestrator:102 | run | {'stage_router': None}
2026-01-18 21:28:31,360 | INFO    | runtime:devops_assistant | orchestrator:104 | run | Emitting graph_event ...
2026-01-18 21:28:31,360 | INFO    | runtime:devops_assistant | orchestrator:107 | run | Now waiting for graph_event response
2026-01-18 21:28:31,361 | INFO    | runtime:devops_assistant | orchestrator:101 | run | We are inside graph.astream - an event is emitted ...
2026-01-18 21:28:31,361 | INFO    | runtime:devops_assistant | orchestrator:102 | run | {'SpecInspectorAgent': {'executed_agents_per_stage': {'spec_check': ['SpecInspectorAgent']}, 'history_agents': [{'stage': 'spec_check', 'role': 'SpecInspectorAgent', 'output': "# ROLE\n\n\n# INTENT\nNo intent defined.\n\n# JUDGMENT POSTURE\nObjective\n\n# AUTHORITY\nGeneral execution authority.\n\n# CONSTRAINTS\n\nCurrent Task: <runtime.artifact_factory.ArtifactFactory object at 0x1172a34d0>\n\nTarget Artifact: {'session_id': '8f3c7e1a-1234-4567-890a-abcdef123456', 'task': None, 'stage': 'spec_check', 'done': False, 'history_agents': [], 'rewards': {}, 'winner': {}, 'decision': {}, 'executed_agents_per_stage': {}, 'agent': 'SpecInspectorAgent'}"}]}}
2026-01-18 21:28:31,361 | INFO    | runtime:devops_assistant | orchestrator:104 | run | Emitting graph_event ...
2026-01-18 21:28:31,361 | INFO    | runtime:devops_assistant | orchestrator:107 | run | Now waiting for graph_event response
2026-01-18 21:28:31,362 | INFO    | runtime:devops_assistant | orchestrator:101 | run | We are inside graph.astream - an event is emitted ...
2026-01-18 21:28:31,362 | INFO    | runtime:devops_assistant | orchestrator:102 | run | {'stage_router': {'done': True}}
2026-01-18 21:28:31,362 | INFO    | runtime:devops_assistant | orchestrator:104 | run | Emitting graph_event ...
2026-01-18 21:28:31,362 | INFO    | runtime:devops_assistant | orchestrator:107 | run | Now waiting for graph_event response
2026-01-18 21:28:31,363 | INFO    | runtime:devops_assistant | orchestrator:109 | run | Exited from graph.astream
2026-01-18 21:28:31,363 | INFO    | runtime:devops_assistant | reload_manager:84 | _watch_workspace | Stopping workspace watcher for 'devops_assistant'
2026-01-18 21:29:49,895 | INFO    | runtime:devops_assistant | orchestrator:81 | run | Just entered Orchestrator ...
2026-01-18 21:29:49,897 | INFO    | runtime:devops_assistant | orchestrator:101 | run | We are inside graph.astream - an event is emitted ...
2026-01-18 21:29:49,897 | INFO    | runtime:devops_assistant | orchestrator:102 | run | {'stage_router': None}
2026-01-18 21:29:49,897 | INFO    | runtime:devops_assistant | orchestrator:104 | run | Emitting graph_event ...
2026-01-18 21:29:49,897 | INFO    | runtime:devops_assistant | orchestrator:107 | run | Now waiting for graph_event response
2026-01-18 21:29:49,898 | INFO    | runtime:devops_assistant | orchestrator:101 | run | We are inside graph.astream - an event is emitted ...
2026-01-18 21:29:49,898 | INFO    | runtime:devops_assistant | orchestrator:102 | run | {'SpecInspectorAgent': {'executed_agents_per_stage': {'spec_check': ['SpecInspectorAgent']}, 'history_agents': [{'stage': 'spec_check', 'role': 'SpecInspectorAgent', 'output': "# ROLE\n\n\n# INTENT\nNo intent defined.\n\n# JUDGMENT POSTURE\nObjective\n\n# AUTHORITY\nGeneral execution authority.\n\n# CONSTRAINTS\n\nCurrent Task: <runtime.artifact_factory.ArtifactFactory object at 0x11f9774d0>\n\nTarget Artifact: {'session_id': '8f3c7e1a-1234-4567-890a-abcdef123456', 'task': None, 'stage': 'spec_check', 'done': False, 'history_agents': [], 'rewards': {}, 'winner': {}, 'decision': {}, 'executed_agents_per_stage': {}, 'agent': 'SpecInspectorAgent'}"}]}}
2026-01-18 21:29:49,898 | INFO    | runtime:devops_assistant | orchestrator:104 | run | Emitting graph_event ...
2026-01-18 21:29:49,898 | INFO    | runtime:devops_assistant | orchestrator:107 | run | Now waiting for graph_event response
2026-01-18 21:29:49,899 | INFO    | runtime:devops_assistant | orchestrator:101 | run | We are inside graph.astream - an event is emitted ...
2026-01-18 21:29:49,899 | INFO    | runtime:devops_assistant | orchestrator:102 | run | {'stage_router': {'done': True}}
2026-01-18 21:29:49,899 | INFO    | runtime:devops_assistant | orchestrator:104 | run | Emitting graph_event ...
2026-01-18 21:29:49,899 | INFO    | runtime:devops_assistant | orchestrator:107 | run | Now waiting for graph_event response
2026-01-18 21:29:49,899 | INFO    | runtime:devops_assistant | orchestrator:109 | run | Exited from graph.astream
2026-01-18 21:29:49,900 | INFO    | runtime:devops_assistant | reload_manager:84 | _watch_workspace | Stopping workspace watcher for 'devops_assistant'
2026-01-18 21:31:16,330 | INFO    | runtime:devops_assistant | orchestrator:81 | run | Just entered Orchestrator ...
2026-01-18 21:31:16,332 | INFO    | runtime:devops_assistant | orchestrator:101 | run | We are inside graph.astream - an event is emitted ...
2026-01-18 21:31:16,333 | INFO    | runtime:devops_assistant | orchestrator:102 | run | {'stage_router': None}
2026-01-18 21:31:16,333 | INFO    | runtime:devops_assistant | orchestrator:104 | run | Emitting graph_event ...
2026-01-18 21:31:16,333 | INFO    | runtime:devops_assistant | orchestrator:107 | run | Now waiting for graph_event response
2026-01-18 21:31:16,334 | INFO    | runtime:devops_assistant | orchestrator:101 | run | We are inside graph.astream - an event is emitted ...
2026-01-18 21:31:16,334 | INFO    | runtime:devops_assistant | orchestrator:102 | run | {'SpecInspectorAgent': {'executed_agents_per_stage': {'spec_check': ['SpecInspectorAgent']}, 'history_agents': [{'stage': 'spec_check', 'role': 'SpecInspectorAgent', 'output': "# ROLE\n\n\n# INTENT\nNo intent defined.\n\n# JUDGMENT POSTURE\nObjective\n\n# AUTHORITY\nGeneral execution authority.\n\n# CONSTRAINTS\n\nCurrent Task: <runtime.artifact_factory.ArtifactFactory object at 0x11beaf4d0>\n\nTarget Artifact: {'session_id': '8f3c7e1a-1234-4567-890a-abcdef123456', 'task': None, 'stage': 'spec_check', 'done': False, 'history_agents': [], 'rewards': {}, 'winner': {}, 'decision': {}, 'executed_agents_per_stage': {}, 'agent': 'SpecInspectorAgent'}"}]}}
2026-01-18 21:31:16,334 | INFO    | runtime:devops_assistant | orchestrator:104 | run | Emitting graph_event ...
2026-01-18 21:31:16,334 | INFO    | runtime:devops_assistant | orchestrator:107 | run | Now waiting for graph_event response
2026-01-18 21:31:16,335 | INFO    | runtime:devops_assistant | orchestrator:101 | run | We are inside graph.astream - an event is emitted ...
2026-01-18 21:31:16,335 | INFO    | runtime:devops_assistant | orchestrator:102 | run | {'stage_router': {'done': True}}
2026-01-18 21:31:16,336 | INFO    | runtime:devops_assistant | orchestrator:104 | run | Emitting graph_event ...
2026-01-18 21:31:16,336 | INFO    | runtime:devops_assistant | orchestrator:107 | run | Now waiting for graph_event response
2026-01-18 21:31:16,336 | INFO    | runtime:devops_assistant | orchestrator:109 | run | Exited from graph.astream
2026-01-18 21:31:16,336 | INFO    | runtime:devops_assistant | reload_manager:84 | _watch_workspace | Stopping workspace watcher for 'devops_assistant'
2026-01-18 21:33:06,339 | INFO    | runtime:devops_assistant | orchestrator:81 | run | Just entered Orchestrator ...
2026-01-18 21:33:06,342 | INFO    | runtime:devops_assistant | orchestrator:101 | run | We are inside graph.astream - an event is emitted ...
2026-01-18 21:33:06,342 | INFO    | runtime:devops_assistant | orchestrator:102 | run | {'stage_router': None}
2026-01-18 21:33:06,342 | INFO    | runtime:devops_assistant | orchestrator:104 | run | Emitting graph_event ...
2026-01-18 21:33:06,342 | INFO    | runtime:devops_assistant | orchestrator:107 | run | Now waiting for graph_event response
2026-01-18 21:33:06,343 | INFO    | runtime:devops_assistant | orchestrator:101 | run | We are inside graph.astream - an event is emitted ...
2026-01-18 21:33:06,343 | INFO    | runtime:devops_assistant | orchestrator:102 | run | {'SpecInspectorAgent': {'executed_agents_per_stage': {'spec_check': ['SpecInspectorAgent']}, 'history_agents': [{'stage': 'spec_check', 'role': 'SpecInspectorAgent', 'output': "# ROLE\n\n\n# INTENT\nNo intent defined.\n\n# JUDGMENT POSTURE\nObjective\n\n# AUTHORITY\nGeneral execution authority.\n\n# CONSTRAINTS\n\nCurrent Task: <runtime.artifact_factory.ArtifactFactory object at 0x11f5774d0>\n\nTarget Artifact: {'session_id': '8f3c7e1a-1234-4567-890a-abcdef123456', 'task': None, 'stage': 'spec_check', 'done': False, 'history_agents': [], 'rewards': {}, 'winner': {}, 'decision': {}, 'executed_agents_per_stage': {}, 'agent': 'SpecInspectorAgent'}"}]}}
2026-01-18 21:33:06,343 | INFO    | runtime:devops_assistant | orchestrator:104 | run | Emitting graph_event ...
2026-01-18 21:33:06,343 | INFO    | runtime:devops_assistant | orchestrator:107 | run | Now waiting for graph_event response
2026-01-18 21:33:06,344 | INFO    | runtime:devops_assistant | orchestrator:101 | run | We are inside graph.astream - an event is emitted ...
2026-01-18 21:33:06,344 | INFO    | runtime:devops_assistant | orchestrator:102 | run | {'stage_router': {'done': True}}
2026-01-18 21:33:06,344 | INFO    | runtime:devops_assistant | orchestrator:104 | run | Emitting graph_event ...
2026-01-18 21:33:06,344 | INFO    | runtime:devops_assistant | orchestrator:107 | run | Now waiting for graph_event response
2026-01-18 21:33:06,344 | INFO    | runtime:devops_assistant | orchestrator:109 | run | Exited from graph.astream
2026-01-18 21:33:06,344 | INFO    | runtime:devops_assistant | reload_manager:84 | _watch_workspace | Stopping workspace watcher for 'devops_assistant'
2026-01-18 21:36:21,142 | INFO    | runtime:devops_assistant | orchestrator:81 | run | Just entered Orchestrator ...
2026-01-18 21:36:21,144 | INFO    | runtime:devops_assistant | orchestrator:101 | run | We are inside graph.astream - an event is emitted ...
2026-01-18 21:36:21,144 | INFO    | runtime:devops_assistant | orchestrator:102 | run | {'stage_router': None}
2026-01-18 21:36:21,144 | INFO    | runtime:devops_assistant | orchestrator:104 | run | Emitting graph_event ...
2026-01-18 21:36:21,144 | INFO    | runtime:devops_assistant | orchestrator:107 | run | Now waiting for graph_event response
2026-01-18 21:36:21,145 | INFO    | runtime:devops_assistant | orchestrator:101 | run | We are inside graph.astream - an event is emitted ...
2026-01-18 21:36:21,145 | INFO    | runtime:devops_assistant | orchestrator:102 | run | {'SpecInspectorAgent': {'executed_agents_per_stage': {'spec_check': ['SpecInspectorAgent']}, 'history_agents': [{'stage': 'spec_check', 'role': 'SpecInspectorAgent', 'output': "# ROLE\n\n\n# INTENT\nNo intent defined.\n\n# JUDGMENT POSTURE\nObjective\n\n# AUTHORITY\nGeneral execution authority.\n\n# CONSTRAINTS\n\nCurrent Task: <runtime.artifact_factory.ArtifactFactory object at 0x11f8d34d0>\n\nTarget Artifact: {'session_id': '8f3c7e1a-1234-4567-890a-abcdef123456', 'task': None, 'stage': 'spec_check', 'done': False, 'history_agents': [], 'rewards': {}, 'winner': {}, 'decision': {}, 'executed_agents_per_stage': {}, 'agent': 'SpecInspectorAgent'}"}]}}
2026-01-18 21:36:21,145 | INFO    | runtime:devops_assistant | orchestrator:104 | run | Emitting graph_event ...
2026-01-18 21:36:21,145 | INFO    | runtime:devops_assistant | orchestrator:107 | run | Now waiting for graph_event response
2026-01-18 21:36:21,146 | INFO    | runtime:devops_assistant | orchestrator:101 | run | We are inside graph.astream - an event is emitted ...
2026-01-18 21:36:21,146 | INFO    | runtime:devops_assistant | orchestrator:102 | run | {'stage_router': {'done': True}}
2026-01-18 21:36:21,146 | INFO    | runtime:devops_assistant | orchestrator:104 | run | Emitting graph_event ...
2026-01-18 21:36:21,146 | INFO    | runtime:devops_assistant | orchestrator:107 | run | Now waiting for graph_event response
2026-01-18 21:36:21,147 | INFO    | runtime:devops_assistant | orchestrator:109 | run | Exited from graph.astream
2026-01-18 21:36:21,147 | INFO    | runtime:devops_assistant | reload_manager:84 | _watch_workspace | Stopping workspace watcher for 'devops_assistant'
2026-01-18 23:42:27,446 | INFO    | runtime:devops_assistant | orchestrator:81 | run | Just entered Orchestrator ...
2026-01-18 23:42:27,448 | INFO    | runtime:devops_assistant | orchestrator:101 | run | We are inside graph.astream - an event is emitted ...
2026-01-18 23:42:27,448 | INFO    | runtime:devops_assistant | orchestrator:102 | run | {'stage_router': None}
2026-01-18 23:42:27,448 | INFO    | runtime:devops_assistant | orchestrator:104 | run | Emitting graph_event ...
2026-01-18 23:42:27,448 | INFO    | runtime:devops_assistant | orchestrator:107 | run | Now waiting for graph_event response
2026-01-18 23:42:27,449 | INFO    | runtime:devops_assistant | orchestrator:101 | run | We are inside graph.astream - an event is emitted ...
2026-01-18 23:42:27,449 | INFO    | runtime:devops_assistant | orchestrator:102 | run | {'SpecInspectorAgent': {'executed_agents_per_stage': {'spec_check': ['SpecInspectorAgent']}, 'history_agents': [{'stage': 'spec_check', 'role': 'SpecInspectorAgent', 'output': "# ROLE\n\n\n# INTENT\nNo intent defined.\n\n# JUDGMENT POSTURE\nObjective\n\n# AUTHORITY\nGeneral execution authority.\n\n# CONSTRAINTS\n\nCurrent Task: <runtime.artifact_factory.ArtifactFactory object at 0x11b0df770>\n\nTarget Artifact: {'session_id': '8f3c7e1a-1234-4567-890a-abcdef123456', 'task': None, 'stage': 'spec_check', 'done': False, 'history_agents': [], 'rewards': {}, 'winner': {}, 'decision': {}, 'executed_agents_per_stage': {}, 'agent': 'SpecInspectorAgent'}"}]}}
2026-01-18 23:42:27,449 | INFO    | runtime:devops_assistant | orchestrator:104 | run | Emitting graph_event ...
2026-01-18 23:42:27,450 | INFO    | runtime:devops_assistant | orchestrator:107 | run | Now waiting for graph_event response
2026-01-18 23:42:27,451 | INFO    | runtime:devops_assistant | orchestrator:101 | run | We are inside graph.astream - an event is emitted ...
2026-01-18 23:42:27,451 | INFO    | runtime:devops_assistant | orchestrator:102 | run | {'stage_router': {'done': True}}
2026-01-18 23:42:27,451 | INFO    | runtime:devops_assistant | orchestrator:104 | run | Emitting graph_event ...
2026-01-18 23:42:27,451 | INFO    | runtime:devops_assistant | orchestrator:107 | run | Now waiting for graph_event response
2026-01-18 23:42:27,451 | INFO    | runtime:devops_assistant | orchestrator:109 | run | Exited from graph.astream
2026-01-18 23:42:27,451 | INFO    | runtime:devops_assistant | reload_manager:84 | _watch_workspace | Stopping workspace watcher for 'devops_assistant'
2026-01-18 23:50:45,266 | INFO    | runtime:devops_assistant | orchestrator:81 | run | Just entered Orchestrator ...
2026-01-18 23:50:45,268 | INFO    | runtime:devops_assistant | orchestrator:101 | run | We are inside graph.astream - an event is emitted ...
2026-01-18 23:50:45,268 | INFO    | runtime:devops_assistant | orchestrator:102 | run | {'stage_router': None}
2026-01-18 23:50:45,268 | INFO    | runtime:devops_assistant | orchestrator:104 | run | Emitting graph_event ...
2026-01-18 23:50:45,268 | INFO    | runtime:devops_assistant | orchestrator:107 | run | Now waiting for graph_event response
2026-01-18 23:50:45,269 | INFO    | runtime:devops_assistant | orchestrator:101 | run | We are inside graph.astream - an event is emitted ...
2026-01-18 23:50:45,269 | INFO    | runtime:devops_assistant | orchestrator:102 | run | {'SpecInspectorAgent': {'executed_agents_per_stage': {'spec_check': ['SpecInspectorAgent']}, 'history_agents': [{'stage': 'spec_check', 'role': 'SpecInspectorAgent', 'output': "# ROLE\n\n\n# INTENT\nNo intent defined.\n\n# JUDGMENT POSTURE\nObjective\n\n# AUTHORITY\nGeneral execution authority.\n\n# CONSTRAINTS\n\nCurrent Task: <runtime.artifact_factory.ArtifactFactory object at 0x11524b770>\n\nTarget Artifact: {'session_id': '8f3c7e1a-1234-4567-890a-abcdef123456', 'task': None, 'stage': 'spec_check', 'done': False, 'history_agents': [], 'rewards': {}, 'winner': {}, 'decision': {}, 'executed_agents_per_stage': {}, 'agent': 'SpecInspectorAgent'}"}]}}
2026-01-18 23:50:45,269 | INFO    | runtime:devops_assistant | orchestrator:104 | run | Emitting graph_event ...
2026-01-18 23:50:45,269 | INFO    | runtime:devops_assistant | orchestrator:107 | run | Now waiting for graph_event response
2026-01-18 23:50:45,271 | INFO    | runtime:devops_assistant | orchestrator:101 | run | We are inside graph.astream - an event is emitted ...
2026-01-18 23:50:45,271 | INFO    | runtime:devops_assistant | orchestrator:102 | run | {'stage_router': {'done': True}}
2026-01-18 23:50:45,271 | INFO    | runtime:devops_assistant | orchestrator:104 | run | Emitting graph_event ...
2026-01-18 23:50:45,271 | INFO    | runtime:devops_assistant | orchestrator:107 | run | Now waiting for graph_event response
2026-01-18 23:50:45,271 | INFO    | runtime:devops_assistant | orchestrator:109 | run | Exited from graph.astream
2026-01-18 23:50:45,271 | INFO    | runtime:devops_assistant | reload_manager:84 | _watch_workspace | Stopping workspace watcher for 'devops_assistant'
2026-01-18 23:55:57,055 | INFO    | runtime:devops_assistant | orchestrator:81 | run | Just entered Orchestrator ...
2026-01-18 23:55:57,057 | INFO    | runtime:devops_assistant | orchestrator:101 | run | We are inside graph.astream - an event is emitted ...
2026-01-18 23:55:57,057 | INFO    | runtime:devops_assistant | orchestrator:102 | run | {'stage_router': None}
2026-01-18 23:55:57,057 | INFO    | runtime:devops_assistant | orchestrator:104 | run | Emitting graph_event ...
2026-01-18 23:55:57,057 | INFO    | runtime:devops_assistant | orchestrator:107 | run | Now waiting for graph_event response
2026-01-18 23:55:57,058 | INFO    | runtime:devops_assistant | orchestrator:101 | run | We are inside graph.astream - an event is emitted ...
2026-01-18 23:55:57,058 | INFO    | runtime:devops_assistant | orchestrator:102 | run | {'SpecInspectorAgent': {'executed_agents_per_stage': {'spec_check': ['SpecInspectorAgent']}, 'history_agents': [{'stage': 'spec_check', 'role': 'SpecInspectorAgent', 'output': "# ROLE\n\n\n# INTENT\nNo intent defined.\n\n# JUDGMENT POSTURE\nObjective\n\n# AUTHORITY\nGeneral execution authority.\n\n# CONSTRAINTS\n\nCurrent Task: <runtime.artifact_factory.ArtifactFactory object at 0x11c71b770>\n\nTarget Artifact: {'session_id': '8f3c7e1a-1234-4567-890a-abcdef123456', 'task': None, 'stage': 'spec_check', 'done': False, 'history_agents': [], 'rewards': {}, 'winner': {}, 'decision': {}, 'executed_agents_per_stage': {}, 'agent': 'SpecInspectorAgent'}"}]}}
2026-01-18 23:55:57,058 | INFO    | runtime:devops_assistant | orchestrator:104 | run | Emitting graph_event ...
2026-01-18 23:55:57,058 | INFO    | runtime:devops_assistant | orchestrator:107 | run | Now waiting for graph_event response
2026-01-18 23:55:57,059 | INFO    | runtime:devops_assistant | orchestrator:101 | run | We are inside graph.astream - an event is emitted ...
2026-01-18 23:55:57,059 | INFO    | runtime:devops_assistant | orchestrator:102 | run | {'stage_router': {'done': True}}
2026-01-18 23:55:57,060 | INFO    | runtime:devops_assistant | orchestrator:104 | run | Emitting graph_event ...
2026-01-18 23:55:57,060 | INFO    | runtime:devops_assistant | orchestrator:107 | run | Now waiting for graph_event response
2026-01-18 23:55:57,060 | INFO    | runtime:devops_assistant | orchestrator:109 | run | Exited from graph.astream
2026-01-18 23:55:57,060 | INFO    | runtime:devops_assistant | reload_manager:84 | _watch_workspace | Stopping workspace watcher for 'devops_assistant'
2026-01-19 00:10:12,431 | INFO    | runtime:devops_assistant | orchestrator:81 | run | Just entered Orchestrator ...
2026-01-19 00:10:12,433 | INFO    | runtime:devops_assistant | orchestrator:101 | run | We are inside graph.astream - an event is emitted ...
2026-01-19 00:10:12,433 | INFO    | runtime:devops_assistant | orchestrator:102 | run | {'stage_router': None}
2026-01-19 00:10:12,433 | INFO    | runtime:devops_assistant | orchestrator:104 | run | Emitting graph_event ...
2026-01-19 00:10:12,433 | INFO    | runtime:devops_assistant | orchestrator:107 | run | Now waiting for graph_event response
2026-01-19 00:10:12,434 | INFO    | runtime:devops_assistant | orchestrator:101 | run | We are inside graph.astream - an event is emitted ...
2026-01-19 00:10:12,434 | INFO    | runtime:devops_assistant | orchestrator:102 | run | {'SpecInspectorAgent': {'executed_agents_per_stage': {'spec_check': ['SpecInspectorAgent']}, 'history_agents': [{'stage': 'spec_check', 'role': 'SpecInspectorAgent', 'output': "# ROLE\n\n\n# INTENT\nNo intent defined.\n\n# JUDGMENT POSTURE\nObjective\n\n# AUTHORITY\nGeneral execution authority.\n\n# CONSTRAINTS\n\nCurrent Task: <runtime.artifact_factory.ArtifactFactory object at 0x116a07770>\n\nTarget Artifact: {'session_id': '8f3c7e1a-1234-4567-890a-abcdef123456', 'task': None, 'stage': 'spec_check', 'done': False, 'history_agents': [], 'rewards': {}, 'winner': {}, 'decision': {}, 'executed_agents_per_stage': {}, 'agent': 'SpecInspectorAgent'}"}]}}
2026-01-19 00:10:12,434 | INFO    | runtime:devops_assistant | orchestrator:104 | run | Emitting graph_event ...
2026-01-19 00:10:12,434 | INFO    | runtime:devops_assistant | orchestrator:107 | run | Now waiting for graph_event response
2026-01-19 00:10:12,435 | INFO    | runtime:devops_assistant | orchestrator:101 | run | We are inside graph.astream - an event is emitted ...
2026-01-19 00:10:12,435 | INFO    | runtime:devops_assistant | orchestrator:102 | run | {'stage_router': {'done': True}}
2026-01-19 00:10:12,435 | INFO    | runtime:devops_assistant | orchestrator:104 | run | Emitting graph_event ...
2026-01-19 00:10:12,435 | INFO    | runtime:devops_assistant | orchestrator:107 | run | Now waiting for graph_event response
2026-01-19 00:10:12,435 | INFO    | runtime:devops_assistant | orchestrator:109 | run | Exited from graph.astream
2026-01-19 00:10:12,436 | INFO    | runtime:devops_assistant | reload_manager:84 | _watch_workspace | Stopping workspace watcher for 'devops_assistant'
2026-01-19 00:12:02,600 | INFO    | runtime:devops_assistant | orchestrator:81 | run | Just entered Orchestrator ...
2026-01-19 00:12:02,601 | INFO    | runtime:devops_assistant | orchestrator:101 | run | We are inside graph.astream - an event is emitted ...
2026-01-19 00:12:02,601 | INFO    | runtime:devops_assistant | orchestrator:102 | run | {'stage_router': None}
2026-01-19 00:12:02,602 | INFO    | runtime:devops_assistant | orchestrator:104 | run | Emitting graph_event ...
2026-01-19 00:12:02,602 | INFO    | runtime:devops_assistant | orchestrator:107 | run | Now waiting for graph_event response
2026-01-19 00:12:02,602 | INFO    | runtime:devops_assistant | orchestrator:101 | run | We are inside graph.astream - an event is emitted ...
2026-01-19 00:12:02,603 | INFO    | runtime:devops_assistant | orchestrator:102 | run | {'SpecInspectorAgent': {'executed_agents_per_stage': {'spec_check': ['SpecInspectorAgent']}, 'history_agents': [{'stage': 'spec_check', 'role': 'SpecInspectorAgent', 'output': "# ROLE\n\n\n# INTENT\nNo intent defined.\n\n# JUDGMENT POSTURE\nObjective\n\n# AUTHORITY\nGeneral execution authority.\n\n# CONSTRAINTS\n\nCurrent Task: <runtime.artifact_factory.ArtifactFactory object at 0x11b2b7770>\n\nTarget Artifact: {'session_id': '8f3c7e1a-1234-4567-890a-abcdef123456', 'task': None, 'stage': 'spec_check', 'done': False, 'history_agents': [], 'rewards': {}, 'winner': {}, 'decision': {}, 'executed_agents_per_stage': {}, 'agent': 'SpecInspectorAgent'}"}]}}
2026-01-19 00:12:02,603 | INFO    | runtime:devops_assistant | orchestrator:104 | run | Emitting graph_event ...
2026-01-19 00:12:02,603 | INFO    | runtime:devops_assistant | orchestrator:107 | run | Now waiting for graph_event response
2026-01-19 00:12:02,604 | INFO    | runtime:devops_assistant | orchestrator:101 | run | We are inside graph.astream - an event is emitted ...
2026-01-19 00:12:02,604 | INFO    | runtime:devops_assistant | orchestrator:102 | run | {'stage_router': {'done': True}}
2026-01-19 00:12:02,604 | INFO    | runtime:devops_assistant | orchestrator:104 | run | Emitting graph_event ...
2026-01-19 00:12:02,604 | INFO    | runtime:devops_assistant | orchestrator:107 | run | Now waiting for graph_event response
2026-01-19 00:12:02,604 | INFO    | runtime:devops_assistant | orchestrator:109 | run | Exited from graph.astream
2026-01-19 00:12:02,604 | INFO    | runtime:devops_assistant | reload_manager:84 | _watch_workspace | Stopping workspace watcher for 'devops_assistant'
2026-01-19 00:17:07,891 | INFO    | runtime:devops_assistant | orchestrator:81 | run | Just entered Orchestrator ...
2026-01-19 00:17:07,893 | INFO    | runtime:devops_assistant | orchestrator:101 | run | We are inside graph.astream - an event is emitted ...
2026-01-19 00:17:07,894 | INFO    | runtime:devops_assistant | orchestrator:102 | run | {'stage_router': None}
2026-01-19 00:17:07,894 | INFO    | runtime:devops_assistant | orchestrator:104 | run | Emitting graph_event ...
2026-01-19 00:17:07,894 | INFO    | runtime:devops_assistant | orchestrator:107 | run | Now waiting for graph_event response
2026-01-19 00:17:07,895 | INFO    | runtime:devops_assistant | orchestrator:101 | run | We are inside graph.astream - an event is emitted ...
2026-01-19 00:17:07,895 | INFO    | runtime:devops_assistant | orchestrator:102 | run | {'SpecInspectorAgent': {'executed_agents_per_stage': {'spec_check': ['SpecInspectorAgent']}, 'history_agents': [{'stage': 'spec_check', 'role': 'SpecInspectorAgent', 'output': "# ROLE\n\n\n# INTENT\nNo intent defined.\n\n# JUDGMENT POSTURE\nObjective\n\n# AUTHORITY\nGeneral execution authority.\n\n# CONSTRAINTS\n\nCurrent Task: <runtime.artifact_factory.ArtifactFactory object at 0x1193cb770>\n\nTarget Artifact: {'session_id': '8f3c7e1a-1234-4567-890a-abcdef123456', 'task': None, 'stage': 'spec_check', 'done': False, 'history_agents': [], 'rewards': {}, 'winner': {}, 'decision': {}, 'executed_agents_per_stage': {}, 'agent': 'SpecInspectorAgent'}"}]}}
2026-01-19 00:17:07,895 | INFO    | runtime:devops_assistant | orchestrator:104 | run | Emitting graph_event ...
2026-01-19 00:17:07,895 | INFO    | runtime:devops_assistant | orchestrator:107 | run | Now waiting for graph_event response
2026-01-19 00:17:07,896 | INFO    | runtime:devops_assistant | orchestrator:101 | run | We are inside graph.astream - an event is emitted ...
2026-01-19 00:17:07,896 | INFO    | runtime:devops_assistant | orchestrator:102 | run | {'stage_router': {'done': True}}
2026-01-19 00:17:07,896 | INFO    | runtime:devops_assistant | orchestrator:104 | run | Emitting graph_event ...
2026-01-19 00:17:07,896 | INFO    | runtime:devops_assistant | orchestrator:107 | run | Now waiting for graph_event response
2026-01-19 00:17:07,896 | INFO    | runtime:devops_assistant | orchestrator:109 | run | Exited from graph.astream
2026-01-19 00:17:07,896 | INFO    | runtime:devops_assistant | reload_manager:84 | _watch_workspace | Stopping workspace watcher for 'devops_assistant'
2026-01-19 00:19:40,387 | INFO    | runtime:devops_assistant | orchestrator:81 | run | Just entered Orchestrator ...
2026-01-19 00:19:40,389 | INFO    | runtime:devops_assistant | orchestrator:101 | run | We are inside graph.astream - an event is emitted ...
2026-01-19 00:19:40,389 | INFO    | runtime:devops_assistant | orchestrator:102 | run | {'stage_router': None}
2026-01-19 00:19:40,389 | INFO    | runtime:devops_assistant | orchestrator:104 | run | Emitting graph_event ...
2026-01-19 00:19:40,389 | INFO    | runtime:devops_assistant | orchestrator:107 | run | Now waiting for graph_event response
2026-01-19 00:19:40,390 | INFO    | runtime:devops_assistant | orchestrator:101 | run | We are inside graph.astream - an event is emitted ...
2026-01-19 00:19:40,390 | INFO    | runtime:devops_assistant | orchestrator:102 | run | {'SpecInspectorAgent': {'executed_agents_per_stage': {'spec_check': ['SpecInspectorAgent']}, 'history_agents': [{'stage': 'spec_check', 'role': 'SpecInspectorAgent', 'output': "# ROLE\n\n\n# INTENT\nNo intent defined.\n\n# JUDGMENT POSTURE\nObjective\n\n# AUTHORITY\nGeneral execution authority.\n\n# CONSTRAINTS\n\nCurrent Task: <runtime.artifact_factory.ArtifactFactory object at 0x11fe2b770>\n\nTarget Artifact: {'session_id': '8f3c7e1a-1234-4567-890a-abcdef123456', 'task': None, 'stage': 'spec_check', 'done': False, 'history_agents': [], 'rewards': {}, 'winner': {}, 'decision': {}, 'executed_agents_per_stage': {}, 'agent': 'SpecInspectorAgent'}"}]}}
2026-01-19 00:19:40,390 | INFO    | runtime:devops_assistant | orchestrator:104 | run | Emitting graph_event ...
2026-01-19 00:19:40,390 | INFO    | runtime:devops_assistant | orchestrator:107 | run | Now waiting for graph_event response
2026-01-19 00:19:40,391 | INFO    | runtime:devops_assistant | orchestrator:101 | run | We are inside graph.astream - an event is emitted ...
2026-01-19 00:19:40,391 | INFO    | runtime:devops_assistant | orchestrator:102 | run | {'stage_router': {'done': True}}
2026-01-19 00:19:40,391 | INFO    | runtime:devops_assistant | orchestrator:104 | run | Emitting graph_event ...
2026-01-19 00:19:40,391 | INFO    | runtime:devops_assistant | orchestrator:107 | run | Now waiting for graph_event response
2026-01-19 00:19:40,391 | INFO    | runtime:devops_assistant | orchestrator:109 | run | Exited from graph.astream
2026-01-19 00:19:40,391 | INFO    | runtime:devops_assistant | reload_manager:84 | _watch_workspace | Stopping workspace watcher for 'devops_assistant'
2026-01-19 00:20:27,055 | INFO    | runtime:devops_assistant | orchestrator:81 | run | Just entered Orchestrator ...
2026-01-19 00:20:27,057 | INFO    | runtime:devops_assistant | orchestrator:101 | run | We are inside graph.astream - an event is emitted ...
2026-01-19 00:20:27,057 | INFO    | runtime:devops_assistant | orchestrator:102 | run | {'stage_router': None}
2026-01-19 00:20:27,057 | INFO    | runtime:devops_assistant | orchestrator:104 | run | Emitting graph_event ...
2026-01-19 00:20:27,057 | INFO    | runtime:devops_assistant | orchestrator:107 | run | Now waiting for graph_event response
2026-01-19 00:20:27,058 | INFO    | runtime:devops_assistant | orchestrator:101 | run | We are inside graph.astream - an event is emitted ...
2026-01-19 00:20:27,059 | INFO    | runtime:devops_assistant | orchestrator:102 | run | {'SpecInspectorAgent': {'executed_agents_per_stage': {'spec_check': ['SpecInspectorAgent']}, 'history_agents': [{'stage': 'spec_check', 'role': 'SpecInspectorAgent', 'output': "# ROLE\n\n\n# INTENT\nNo intent defined.\n\n# JUDGMENT POSTURE\nObjective\n\n# AUTHORITY\nGeneral execution authority.\n\n# CONSTRAINTS\n\nCurrent Task: <runtime.artifact_factory.ArtifactFactory object at 0x11615b770>\n\nTarget Artifact: {'session_id': '8f3c7e1a-1234-4567-890a-abcdef123456', 'task': None, 'stage': 'spec_check', 'done': False, 'history_agents': [], 'rewards': {}, 'winner': {}, 'decision': {}, 'executed_agents_per_stage': {}, 'agent': 'SpecInspectorAgent'}"}]}}
2026-01-19 00:20:27,059 | INFO    | runtime:devops_assistant | orchestrator:104 | run | Emitting graph_event ...
2026-01-19 00:20:27,059 | INFO    | runtime:devops_assistant | orchestrator:107 | run | Now waiting for graph_event response
2026-01-19 00:20:27,060 | INFO    | runtime:devops_assistant | orchestrator:101 | run | We are inside graph.astream - an event is emitted ...
2026-01-19 00:20:27,060 | INFO    | runtime:devops_assistant | orchestrator:102 | run | {'stage_router': {'done': True}}
2026-01-19 00:20:27,060 | INFO    | runtime:devops_assistant | orchestrator:104 | run | Emitting graph_event ...
2026-01-19 00:20:27,060 | INFO    | runtime:devops_assistant | orchestrator:107 | run | Now waiting for graph_event response
2026-01-19 00:20:27,060 | INFO    | runtime:devops_assistant | orchestrator:109 | run | Exited from graph.astream
2026-01-19 00:20:27,060 | INFO    | runtime:devops_assistant | reload_manager:84 | _watch_workspace | Stopping workspace watcher for 'devops_assistant'
2026-01-19 07:39:23,615 | INFO    | runtime:devops_assistant | orchestrator:81 | run | Just entered Orchestrator ...
2026-01-19 07:39:23,617 | INFO    | runtime:devops_assistant | orchestrator:101 | run | We are inside graph.astream - an event is emitted ...
2026-01-19 07:39:23,617 | INFO    | runtime:devops_assistant | orchestrator:102 | run | {'stage_router': None}
2026-01-19 07:39:23,617 | INFO    | runtime:devops_assistant | orchestrator:104 | run | Emitting graph_event ...
2026-01-19 07:39:23,617 | INFO    | runtime:devops_assistant | orchestrator:107 | run | Now waiting for graph_event response
2026-01-19 07:39:23,618 | INFO    | runtime:devops_assistant | orchestrator:101 | run | We are inside graph.astream - an event is emitted ...
2026-01-19 07:39:23,618 | INFO    | runtime:devops_assistant | orchestrator:102 | run | {'SpecInspectorAgent': {'executed_agents_per_stage': {'spec_check': ['SpecInspectorAgent']}, 'history_agents': [{'stage': 'spec_check', 'role': 'SpecInspectorAgent', 'output': "# ROLE\n\n\n# INTENT\nNo intent defined.\n\n# JUDGMENT POSTURE\nObjective\n\n# AUTHORITY\nGeneral execution authority.\n\n# CONSTRAINTS\n\nCurrent Task: <runtime.artifact_factory.ArtifactFactory object at 0x12286fa10>\n\nTarget Artifact: {'session_id': '8f3c7e1a-1234-4567-890a-abcdef123456', 'task': None, 'stage': 'spec_check', 'done': False, 'history_agents': [], 'rewards': {}, 'winner': {}, 'decision': {}, 'executed_agents_per_stage': {}, 'agent': 'SpecInspectorAgent'}"}]}}
2026-01-19 07:39:23,618 | INFO    | runtime:devops_assistant | orchestrator:104 | run | Emitting graph_event ...
2026-01-19 07:39:23,619 | INFO    | runtime:devops_assistant | orchestrator:107 | run | Now waiting for graph_event response
2026-01-19 07:39:23,619 | INFO    | runtime:devops_assistant | orchestrator:101 | run | We are inside graph.astream - an event is emitted ...
2026-01-19 07:39:23,619 | INFO    | runtime:devops_assistant | orchestrator:102 | run | {'stage_router': {'done': True}}
2026-01-19 07:39:23,619 | INFO    | runtime:devops_assistant | orchestrator:104 | run | Emitting graph_event ...
2026-01-19 07:39:23,620 | INFO    | runtime:devops_assistant | orchestrator:107 | run | Now waiting for graph_event response
2026-01-19 07:39:23,620 | INFO    | runtime:devops_assistant | orchestrator:109 | run | Exited from graph.astream
2026-01-19 07:39:23,620 | INFO    | runtime:devops_assistant | reload_manager:84 | _watch_workspace | Stopping workspace watcher for 'devops_assistant'
2026-01-19 08:07:09,283 | INFO    | runtime:devops_assistant | orchestrator:81 | run | Just entered Orchestrator ...
2026-01-19 08:07:09,286 | INFO    | runtime:devops_assistant | orchestrator:101 | run | We are inside graph.astream - an event is emitted ...
2026-01-19 08:07:09,286 | INFO    | runtime:devops_assistant | orchestrator:102 | run | {'stage_router': None}
2026-01-19 08:07:09,286 | INFO    | runtime:devops_assistant | orchestrator:104 | run | Emitting graph_event ...
2026-01-19 08:07:09,286 | INFO    | runtime:devops_assistant | orchestrator:107 | run | Now waiting for graph_event response
2026-01-19 08:07:09,287 | INFO    | runtime:devops_assistant | orchestrator:101 | run | We are inside graph.astream - an event is emitted ...
2026-01-19 08:07:09,287 | INFO    | runtime:devops_assistant | orchestrator:102 | run | {'SpecInspectorAgent': {'executed_agents_per_stage': {'spec_check': ['SpecInspectorAgent']}, 'history_agents': [{'stage': 'spec_check', 'role': 'SpecInspectorAgent', 'output': "# ROLE\n\n\n# INTENT\nNo intent defined.\n\n# JUDGMENT POSTURE\nObjective\n\n# AUTHORITY\nGeneral execution authority.\n\n# CONSTRAINTS\n\nCurrent Task: <runtime.artifact_factory.ArtifactFactory object at 0x1235c7cb0>\n\nTarget Artifact: {'session_id': '8f3c7e1a-1234-4567-890a-abcdef123456', 'task': None, 'stage': 'spec_check', 'done': False, 'history_agents': [], 'rewards': {}, 'winner': {}, 'decision': {}, 'executed_agents_per_stage': {}, 'agent': 'SpecInspectorAgent'}"}]}}
2026-01-19 08:07:09,287 | INFO    | runtime:devops_assistant | orchestrator:104 | run | Emitting graph_event ...
2026-01-19 08:07:09,287 | INFO    | runtime:devops_assistant | orchestrator:107 | run | Now waiting for graph_event response
2026-01-19 08:07:09,288 | INFO    | runtime:devops_assistant | orchestrator:101 | run | We are inside graph.astream - an event is emitted ...
2026-01-19 08:07:09,288 | INFO    | runtime:devops_assistant | orchestrator:102 | run | {'stage_router': {'done': True}}
2026-01-19 08:07:09,288 | INFO    | runtime:devops_assistant | orchestrator:104 | run | Emitting graph_event ...
2026-01-19 08:07:09,288 | INFO    | runtime:devops_assistant | orchestrator:107 | run | Now waiting for graph_event response
2026-01-19 08:07:09,288 | INFO    | runtime:devops_assistant | orchestrator:109 | run | Exited from graph.astream
2026-01-19 08:07:09,288 | INFO    | runtime:devops_assistant | reload_manager:84 | _watch_workspace | Stopping workspace watcher for 'devops_assistant'
2026-01-19 08:15:07,594 | INFO    | runtime:devops_assistant | orchestrator:81 | run | Just entered Orchestrator ...
2026-01-19 08:15:07,596 | INFO    | runtime:devops_assistant | orchestrator:101 | run | We are inside graph.astream - an event is emitted ...
2026-01-19 08:15:07,596 | INFO    | runtime:devops_assistant | orchestrator:102 | run | {'stage_router': None}
2026-01-19 08:15:07,596 | INFO    | runtime:devops_assistant | orchestrator:104 | run | Emitting graph_event ...
2026-01-19 08:15:07,596 | INFO    | runtime:devops_assistant | orchestrator:107 | run | Now waiting for graph_event response
2026-01-19 08:15:07,597 | INFO    | runtime:devops_assistant | orchestrator:101 | run | We are inside graph.astream - an event is emitted ...
2026-01-19 08:15:07,597 | INFO    | runtime:devops_assistant | orchestrator:102 | run | {'SpecInspectorAgent': {'executed_agents_per_stage': {'spec_check': ['SpecInspectorAgent']}, 'history_agents': [{'stage': 'spec_check', 'role': 'SpecInspectorAgent', 'output': "# ROLE\n\n\n# INTENT\nNo intent defined.\n\n# JUDGMENT POSTURE\nObjective\n\n# AUTHORITY\nGeneral execution authority.\n\n# CONSTRAINTS\n\nCurrent Task: <runtime.artifact_factory.ArtifactFactory object at 0x122cbbcb0>\n\nTarget Artifact: {'session_id': '8f3c7e1a-1234-4567-890a-abcdef123456', 'task': None, 'stage': 'spec_check', 'done': False, 'history_agents': [], 'rewards': {}, 'winner': {}, 'decision': {}, 'executed_agents_per_stage': {}, 'agent': 'SpecInspectorAgent'}"}]}}
2026-01-19 08:15:07,597 | INFO    | runtime:devops_assistant | orchestrator:104 | run | Emitting graph_event ...
2026-01-19 08:15:07,597 | INFO    | runtime:devops_assistant | orchestrator:107 | run | Now waiting for graph_event response
2026-01-19 08:15:07,598 | INFO    | runtime:devops_assistant | orchestrator:101 | run | We are inside graph.astream - an event is emitted ...
2026-01-19 08:15:07,598 | INFO    | runtime:devops_assistant | orchestrator:102 | run | {'stage_router': {'done': True}}
2026-01-19 08:15:07,598 | INFO    | runtime:devops_assistant | orchestrator:104 | run | Emitting graph_event ...
2026-01-19 08:15:07,598 | INFO    | runtime:devops_assistant | orchestrator:107 | run | Now waiting for graph_event response
2026-01-19 08:15:07,599 | INFO    | runtime:devops_assistant | orchestrator:109 | run | Exited from graph.astream
2026-01-19 08:15:07,599 | INFO    | runtime:devops_assistant | reload_manager:84 | _watch_workspace | Stopping workspace watcher for 'devops_assistant'
2026-01-19 08:15:40,046 | INFO    | runtime:devops_assistant | orchestrator:81 | run | Just entered Orchestrator ...
2026-01-19 08:15:40,048 | INFO    | runtime:devops_assistant | orchestrator:101 | run | We are inside graph.astream - an event is emitted ...
2026-01-19 08:15:40,048 | INFO    | runtime:devops_assistant | orchestrator:102 | run | {'stage_router': None}
2026-01-19 08:15:40,048 | INFO    | runtime:devops_assistant | orchestrator:104 | run | Emitting graph_event ...
2026-01-19 08:15:40,048 | INFO    | runtime:devops_assistant | orchestrator:107 | run | Now waiting for graph_event response
2026-01-19 08:15:40,049 | INFO    | runtime:devops_assistant | orchestrator:101 | run | We are inside graph.astream - an event is emitted ...
2026-01-19 08:15:40,049 | INFO    | runtime:devops_assistant | orchestrator:102 | run | {'SpecInspectorAgent': {'executed_agents_per_stage': {'spec_check': ['SpecInspectorAgent']}, 'history_agents': [{'stage': 'spec_check', 'role': 'SpecInspectorAgent', 'output': "# ROLE\n\n\n# INTENT\nNo intent defined.\n\n# JUDGMENT POSTURE\nObjective\n\n# AUTHORITY\nGeneral execution authority.\n\n# CONSTRAINTS\n\nCurrent Task: <runtime.artifact_factory.ArtifactFactory object at 0x1168bfcb0>\n\nTarget Artifact: {'session_id': '8f3c7e1a-1234-4567-890a-abcdef123456', 'task': None, 'stage': 'spec_check', 'done': False, 'history_agents': [], 'rewards': {}, 'winner': {}, 'decision': {}, 'executed_agents_per_stage': {}, 'agent': 'SpecInspectorAgent'}"}]}}
2026-01-19 08:15:40,049 | INFO    | runtime:devops_assistant | orchestrator:104 | run | Emitting graph_event ...
2026-01-19 08:15:40,049 | INFO    | runtime:devops_assistant | orchestrator:107 | run | Now waiting for graph_event response
2026-01-19 08:15:40,050 | INFO    | runtime:devops_assistant | orchestrator:101 | run | We are inside graph.astream - an event is emitted ...
2026-01-19 08:15:40,050 | INFO    | runtime:devops_assistant | orchestrator:102 | run | {'stage_router': {'done': True}}
2026-01-19 08:15:40,050 | INFO    | runtime:devops_assistant | orchestrator:104 | run | Emitting graph_event ...
2026-01-19 08:15:40,050 | INFO    | runtime:devops_assistant | orchestrator:107 | run | Now waiting for graph_event response
2026-01-19 08:15:40,051 | INFO    | runtime:devops_assistant | orchestrator:109 | run | Exited from graph.astream
2026-01-19 08:15:40,051 | INFO    | runtime:devops_assistant | reload_manager:84 | _watch_workspace | Stopping workspace watcher for 'devops_assistant'
2026-01-19 08:18:46,981 | INFO    | runtime:devops_assistant | orchestrator:81 | run | Just entered Orchestrator ...
2026-01-19 08:18:46,983 | INFO    | runtime:devops_assistant | orchestrator:101 | run | We are inside graph.astream - an event is emitted ...
2026-01-19 08:18:46,983 | INFO    | runtime:devops_assistant | orchestrator:102 | run | {'stage_router': None}
2026-01-19 08:18:46,983 | INFO    | runtime:devops_assistant | orchestrator:104 | run | Emitting graph_event ...
2026-01-19 08:18:46,983 | INFO    | runtime:devops_assistant | orchestrator:107 | run | Now waiting for graph_event response
2026-01-19 08:18:46,984 | INFO    | runtime:devops_assistant | orchestrator:101 | run | We are inside graph.astream - an event is emitted ...
2026-01-19 08:18:46,984 | INFO    | runtime:devops_assistant | orchestrator:102 | run | {'SpecInspectorAgent': {'executed_agents_per_stage': {'spec_check': ['SpecInspectorAgent']}, 'history_agents': [{'stage': 'spec_check', 'role': 'SpecInspectorAgent', 'output': "# ROLE\n\n\n# INTENT\nNo intent defined.\n\n# JUDGMENT POSTURE\nObjective\n\n# AUTHORITY\nGeneral execution authority.\n\n# CONSTRAINTS\n\nCurrent Task: <runtime.artifact_factory.ArtifactFactory object at 0x11fb9bcb0>\n\nTarget Artifact: {'session_id': '8f3c7e1a-1234-4567-890a-abcdef123456', 'task': None, 'stage': 'spec_check', 'done': False, 'history_agents': [], 'rewards': {}, 'winner': {}, 'decision': {}, 'executed_agents_per_stage': {}, 'agent': 'SpecInspectorAgent'}"}]}}
2026-01-19 08:18:46,984 | INFO    | runtime:devops_assistant | orchestrator:104 | run | Emitting graph_event ...
2026-01-19 08:18:46,984 | INFO    | runtime:devops_assistant | orchestrator:107 | run | Now waiting for graph_event response
2026-01-19 08:18:46,986 | INFO    | runtime:devops_assistant | orchestrator:101 | run | We are inside graph.astream - an event is emitted ...
2026-01-19 08:18:46,986 | INFO    | runtime:devops_assistant | orchestrator:102 | run | {'stage_router': {'done': True}}
2026-01-19 08:18:46,986 | INFO    | runtime:devops_assistant | orchestrator:104 | run | Emitting graph_event ...
2026-01-19 08:18:46,986 | INFO    | runtime:devops_assistant | orchestrator:107 | run | Now waiting for graph_event response
2026-01-19 08:18:46,986 | INFO    | runtime:devops_assistant | orchestrator:109 | run | Exited from graph.astream
2026-01-19 08:18:46,986 | INFO    | runtime:devops_assistant | reload_manager:84 | _watch_workspace | Stopping workspace watcher for 'devops_assistant'
2026-01-19 08:19:34,244 | INFO    | runtime:devops_assistant | orchestrator:81 | run | Just entered Orchestrator ...
2026-01-19 08:19:34,246 | INFO    | runtime:devops_assistant | orchestrator:101 | run | We are inside graph.astream - an event is emitted ...
2026-01-19 08:19:34,246 | INFO    | runtime:devops_assistant | orchestrator:102 | run | {'stage_router': None}
2026-01-19 08:19:34,246 | INFO    | runtime:devops_assistant | orchestrator:104 | run | Emitting graph_event ...
2026-01-19 08:19:34,247 | INFO    | runtime:devops_assistant | orchestrator:107 | run | Now waiting for graph_event response
2026-01-19 08:19:34,248 | INFO    | runtime:devops_assistant | orchestrator:101 | run | We are inside graph.astream - an event is emitted ...
2026-01-19 08:19:34,248 | INFO    | runtime:devops_assistant | orchestrator:102 | run | {'SpecInspectorAgent': {'executed_agents_per_stage': {'spec_check': ['SpecInspectorAgent']}, 'history_agents': [{'stage': 'spec_check', 'role': 'SpecInspectorAgent', 'output': "# ROLE\n\n\n# INTENT\nNo intent defined.\n\n# JUDGMENT POSTURE\nObjective\n\n# AUTHORITY\nGeneral execution authority.\n\n# CONSTRAINTS\n\nCurrent Task: <runtime.artifact_factory.ArtifactFactory object at 0x120473cb0>\n\nTarget Artifact: {'session_id': '8f3c7e1a-1234-4567-890a-abcdef123456', 'task': None, 'stage': 'spec_check', 'done': False, 'history_agents': [], 'rewards': {}, 'winner': {}, 'decision': {}, 'executed_agents_per_stage': {}, 'agent': 'SpecInspectorAgent'}"}]}}
2026-01-19 08:19:34,248 | INFO    | runtime:devops_assistant | orchestrator:104 | run | Emitting graph_event ...
2026-01-19 08:19:34,248 | INFO    | runtime:devops_assistant | orchestrator:107 | run | Now waiting for graph_event response
2026-01-19 08:19:34,249 | INFO    | runtime:devops_assistant | orchestrator:101 | run | We are inside graph.astream - an event is emitted ...
2026-01-19 08:19:34,249 | INFO    | runtime:devops_assistant | orchestrator:102 | run | {'stage_router': {'done': True}}
2026-01-19 08:19:34,249 | INFO    | runtime:devops_assistant | orchestrator:104 | run | Emitting graph_event ...
2026-01-19 08:19:34,249 | INFO    | runtime:devops_assistant | orchestrator:107 | run | Now waiting for graph_event response
2026-01-19 08:19:34,249 | INFO    | runtime:devops_assistant | orchestrator:109 | run | Exited from graph.astream
2026-01-19 08:19:34,249 | INFO    | runtime:devops_assistant | reload_manager:84 | _watch_workspace | Stopping workspace watcher for 'devops_assistant'
2026-01-21 19:10:13,970 | INFO    | runtime:devops_assistant | reload_manager:84 | _watch_workspace | Stopping workspace watcher for 'devops_assistant'
2026-01-21 19:11:00,902 | INFO    | runtime:devops_assistant | orchestrator:84 | run | Just entered Orchestrator ...
2026-01-21 19:11:00,902 | INFO    | runtime:devops_assistant | reload_manager:84 | _watch_workspace | Stopping workspace watcher for 'devops_assistant'
2026-01-21 19:14:56,870 | INFO    | runtime:devops_assistant | orchestrator:87 | run | Just entered Orchestrator ...
2026-01-21 19:14:56,871 | INFO    | runtime:devops_assistant | reload_manager:84 | _watch_workspace | Stopping workspace watcher for 'devops_assistant'
2026-01-21 19:15:36,592 | INFO    | runtime:devops_assistant | orchestrator:87 | run | Just entered Orchestrator ...
2026-01-21 19:15:36,592 | INFO    | runtime:devops_assistant | reload_manager:84 | _watch_workspace | Stopping workspace watcher for 'devops_assistant'
2026-01-21 19:17:17,574 | INFO    | runtime:devops_assistant | orchestrator:87 | run | Just entered Orchestrator ...
2026-01-21 19:17:17,575 | INFO    | runtime:devops_assistant | reload_manager:84 | _watch_workspace | Stopping workspace watcher for 'devops_assistant'
2026-01-21 19:17:58,865 | INFO    | runtime:devops_assistant | orchestrator:87 | run | Just entered Orchestrator ...
2026-01-21 19:17:58,866 | INFO    | runtime:devops_assistant | reload_manager:84 | _watch_workspace | Stopping workspace watcher for 'devops_assistant'
2026-01-21 19:19:13,618 | INFO    | runtime:devops_assistant | orchestrator:87 | run | Just entered Orchestrator ...
2026-01-21 19:19:13,619 | INFO    | runtime:devops_assistant | reload_manager:84 | _watch_workspace | Stopping workspace watcher for 'devops_assistant'
2026-01-21 20:20:40,397 | INFO    | runtime:devops_assistant | orchestrator:87 | run | Just entered Orchestrator ...
2026-01-21 20:20:40,397 | INFO    | runtime:devops_assistant | reload_manager:84 | _watch_workspace | Stopping workspace watcher for 'devops_assistant'
2026-01-21 20:21:05,932 | INFO    | runtime:devops_assistant | orchestrator:87 | run | Just entered Orchestrator ...
2026-01-21 20:21:05,932 | INFO    | runtime:devops_assistant | reload_manager:84 | _watch_workspace | Stopping workspace watcher for 'devops_assistant'
2026-01-21 20:21:31,191 | INFO    | runtime:devops_assistant | orchestrator:87 | run | Just entered Orchestrator ...
2026-01-21 20:21:31,192 | INFO    | runtime:devops_assistant | reload_manager:84 | _watch_workspace | Stopping workspace watcher for 'devops_assistant'
2026-01-21 20:21:58,784 | INFO    | runtime:devops_assistant | orchestrator:87 | run | Just entered Orchestrator ...
2026-01-21 20:21:58,785 | INFO    | runtime:devops_assistant | reload_manager:84 | _watch_workspace | Stopping workspace watcher for 'devops_assistant'
2026-01-21 20:22:16,711 | INFO    | runtime:devops_assistant | orchestrator:87 | run | Just entered Orchestrator ...
2026-01-21 20:22:16,711 | INFO    | runtime:devops_assistant | reload_manager:84 | _watch_workspace | Stopping workspace watcher for 'devops_assistant'
2026-01-21 20:23:08,206 | INFO    | runtime:devops_assistant | orchestrator:87 | run | Just entered Orchestrator ...
2026-01-21 20:23:08,215 | INFO    | runtime:devops_assistant | reload_manager:84 | _watch_workspace | Stopping workspace watcher for 'devops_assistant'
2026-01-21 20:29:35,371 | INFO    | runtime:devops_assistant | orchestrator:87 | run | Just entered Orchestrator ...
2026-01-21 20:29:35,371 | INFO    | runtime:devops_assistant | reload_manager:84 | _watch_workspace | Stopping workspace watcher for 'devops_assistant'
2026-01-21 20:30:15,111 | INFO    | runtime:devops_assistant | orchestrator:87 | run | Just entered Orchestrator ...
2026-01-21 20:30:15,121 | INFO    | runtime:devops_assistant | reload_manager:84 | _watch_workspace | Stopping workspace watcher for 'devops_assistant'
2026-01-21 21:18:22,077 | INFO    | runtime:devops_assistant | orchestrator:87 | run | Just entered Orchestrator ...
2026-01-21 21:18:22,078 | INFO    | runtime:devops_assistant | reload_manager:84 | _watch_workspace | Stopping workspace watcher for 'devops_assistant'
2026-01-21 22:35:04,256 | INFO    | runtime:devops_assistant | orchestrator:87 | run | Just entered Orchestrator ...
2026-01-21 22:35:04,277 | INFO    | runtime:devops_assistant | reload_manager:84 | _watch_workspace | Stopping workspace watcher for 'devops_assistant'
2026-01-21 22:35:55,207 | INFO    | runtime:devops_assistant | orchestrator:87 | run | Just entered Orchestrator ...
2026-01-21 22:35:55,216 | INFO    | runtime:devops_assistant | reload_manager:84 | _watch_workspace | Stopping workspace watcher for 'devops_assistant'
2026-01-21 22:36:34,740 | INFO    | runtime:devops_assistant | orchestrator:87 | run | Just entered Orchestrator ...
2026-01-21 22:36:34,751 | INFO    | runtime:devops_assistant | reload_manager:84 | _watch_workspace | Stopping workspace watcher for 'devops_assistant'
2026-01-21 22:37:37,848 | INFO    | runtime:devops_assistant | orchestrator:87 | run | Just entered Orchestrator ...
2026-01-21 22:37:37,857 | INFO    | runtime:devops_assistant | reload_manager:84 | _watch_workspace | Stopping workspace watcher for 'devops_assistant'
2026-01-21 22:38:08,984 | INFO    | runtime:devops_assistant | orchestrator:87 | run | Just entered Orchestrator ...
2026-01-21 22:38:09,137 | INFO    | runtime:devops_assistant | reload_manager:84 | _watch_workspace | Stopping workspace watcher for 'devops_assistant'
2026-01-21 22:41:48,620 | INFO    | runtime:devops_assistant | orchestrator:87 | run | Just entered Orchestrator ...
2026-01-21 22:41:48,637 | INFO    | runtime:devops_assistant | reload_manager:84 | _watch_workspace | Stopping workspace watcher for 'devops_assistant'
2026-01-21 22:42:02,510 | INFO    | runtime:devops_assistant | orchestrator:87 | run | Just entered Orchestrator ...
2026-01-21 22:42:02,526 | INFO    | runtime:devops_assistant | reload_manager:84 | _watch_workspace | Stopping workspace watcher for 'devops_assistant'
2026-01-21 22:42:16,204 | INFO    | runtime:devops_assistant | orchestrator:87 | run | Just entered Orchestrator ...
2026-01-21 22:42:16,220 | INFO    | runtime:devops_assistant | reload_manager:84 | _watch_workspace | Stopping workspace watcher for 'devops_assistant'
2026-01-21 22:55:31,682 | INFO    | runtime:devops_assistant | orchestrator:87 | run | Just entered Orchestrator ...
2026-01-21 22:55:31,691 | INFO    | runtime:devops_assistant | reload_manager:84 | _watch_workspace | Stopping workspace watcher for 'devops_assistant'
2026-01-21 22:56:03,822 | INFO    | runtime:devops_assistant | orchestrator:87 | run | Just entered Orchestrator ...
2026-01-21 22:56:03,838 | INFO    | runtime:devops_assistant | reload_manager:84 | _watch_workspace | Stopping workspace watcher for 'devops_assistant'
2026-01-21 23:01:44,448 | INFO    | runtime:devops_assistant | orchestrator:87 | run | Just entered Orchestrator ...
2026-01-21 23:01:44,449 | INFO    | runtime:devops_assistant | reload_manager:84 | _watch_workspace | Stopping workspace watcher for 'devops_assistant'
2026-01-21 23:38:55,307 | INFO    | runtime:devops_assistant | reload_manager:84 | _watch_workspace | Stopping workspace watcher for 'devops_assistant'
2026-01-21 23:39:12,842 | INFO    | runtime:devops_assistant | reload_manager:84 | _watch_workspace | Stopping workspace watcher for 'devops_assistant'
2026-01-21 23:48:17,398 | INFO    | runtime:devops_assistant | reload_manager:84 | _watch_workspace | Stopping workspace watcher for 'devops_assistant'
2026-01-21 23:49:01,396 | INFO    | runtime:devops_assistant | reload_manager:84 | _watch_workspace | Stopping workspace watcher for 'devops_assistant'
2026-01-21 23:49:26,667 | INFO    | runtime:devops_assistant | reload_manager:84 | _watch_workspace | Stopping workspace watcher for 'devops_assistant'
2026-01-21 23:53:53,684 | INFO    | runtime:devops_assistant | reload_manager:84 | _watch_workspace | Stopping workspace watcher for 'devops_assistant'
2026-01-21 23:56:35,297 | INFO    | runtime:devops_assistant | reload_manager:84 | _watch_workspace | Stopping workspace watcher for 'devops_assistant'
2026-01-21 23:56:59,905 | INFO    | runtime:devops_assistant | reload_manager:84 | _watch_workspace | Stopping workspace watcher for 'devops_assistant'
2026-01-21 23:57:16,369 | INFO    | runtime:devops_assistant | reload_manager:84 | _watch_workspace | Stopping workspace watcher for 'devops_assistant'
2026-01-21 23:57:31,440 | INFO    | runtime:devops_assistant | reload_manager:84 | _watch_workspace | Stopping workspace watcher for 'devops_assistant'
2026-01-21 23:58:04,321 | INFO    | runtime:devops_assistant | reload_manager:84 | _watch_workspace | Stopping workspace watcher for 'devops_assistant'
2026-01-21 23:58:22,870 | INFO    | runtime:devops_assistant | orchestrator:87 | run | Just entered Orchestrator ...
2026-01-21 23:58:22,870 | INFO    | runtime:devops_assistant | reload_manager:84 | _watch_workspace | Stopping workspace watcher for 'devops_assistant'
2026-01-22 00:00:28,984 | INFO    | runtime:devops_assistant | orchestrator:83 | run | Just entered Orchestrator ...
2026-01-22 00:00:28,984 | INFO    | runtime:devops_assistant | reload_manager:84 | _watch_workspace | Stopping workspace watcher for 'devops_assistant'
2026-01-22 00:01:09,062 | INFO    | runtime:devops_assistant | orchestrator:83 | run | Just entered Orchestrator ...
2026-01-22 00:01:09,183 | INFO    | runtime:devops_assistant | reload_manager:84 | _watch_workspace | Stopping workspace watcher for 'devops_assistant'
2026-01-22 00:01:56,652 | INFO    | runtime:devops_assistant | orchestrator:83 | run | Just entered Orchestrator ...
2026-01-22 00:01:56,697 | INFO    | runtime:devops_assistant | reload_manager:84 | _watch_workspace | Stopping workspace watcher for 'devops_assistant'
2026-01-22 00:02:29,522 | INFO    | runtime:devops_assistant | orchestrator:83 | run | Just entered Orchestrator ...
2026-01-22 00:02:29,539 | INFO    | runtime:devops_assistant | reload_manager:84 | _watch_workspace | Stopping workspace watcher for 'devops_assistant'
2026-01-22 00:04:29,912 | INFO    | runtime:devops_assistant | orchestrator:83 | run | Just entered Orchestrator ...
2026-01-22 00:04:30,179 | INFO    | runtime:devops_assistant | reload_manager:84 | _watch_workspace | Stopping workspace watcher for 'devops_assistant'
2026-01-22 00:07:40,480 | INFO    | runtime:devops_assistant | orchestrator:83 | run | Just entered Orchestrator ...
2026-01-22 00:07:40,492 | INFO    | runtime:devops_assistant | reload_manager:84 | _watch_workspace | Stopping workspace watcher for 'devops_assistant'
2026-01-22 00:18:17,963 | INFO    | runtime:devops_assistant | orchestrator:83 | run | Just entered Orchestrator ...
2026-01-22 00:18:23,009 | INFO    | runtime:devops_assistant | reload_manager:84 | _watch_workspace | Stopping workspace watcher for 'devops_assistant'
2026-01-22 00:19:26,891 | INFO    | runtime:devops_assistant | orchestrator:83 | run | Just entered Orchestrator ...
2026-01-22 00:19:27,792 | INFO    | runtime:devops_assistant | reload_manager:84 | _watch_workspace | Stopping workspace watcher for 'devops_assistant'
2026-01-22 00:19:54,524 | INFO    | runtime:devops_assistant | orchestrator:83 | run | Just entered Orchestrator ...
2026-01-22 00:19:56,379 | INFO    | runtime:devops_assistant | reload_manager:84 | _watch_workspace | Stopping workspace watcher for 'devops_assistant'
2026-01-22 00:20:58,908 | INFO    | runtime:devops_assistant | orchestrator:83 | run | Just entered Orchestrator ...
2026-01-22 00:21:02,181 | INFO    | runtime:devops_assistant | reload_manager:84 | _watch_workspace | Stopping workspace watcher for 'devops_assistant'
2026-01-22 00:21:27,703 | INFO    | runtime:devops_assistant | orchestrator:83 | run | Just entered Orchestrator ...
2026-01-22 00:21:29,733 | INFO    | runtime:devops_assistant | reload_manager:84 | _watch_workspace | Stopping workspace watcher for 'devops_assistant'
2026-01-22 00:23:13,642 | INFO    | runtime:devops_assistant | orchestrator:83 | run | Just entered Orchestrator ...
2026-01-22 00:23:14,479 | INFO    | runtime:devops_assistant | reload_manager:84 | _watch_workspace | Stopping workspace watcher for 'devops_assistant'
2026-01-22 00:24:54,462 | INFO    | runtime:devops_assistant | orchestrator:83 | run | Just entered Orchestrator ...
2026-01-22 00:24:59,238 | INFO    | runtime:devops_assistant | reload_manager:84 | _watch_workspace | Stopping workspace watcher for 'devops_assistant'
2026-01-22 00:31:27,688 | INFO    | runtime:devops_assistant | orchestrator:83 | run | Just entered Orchestrator ...
2026-01-22 00:31:32,899 | INFO    | runtime:devops_assistant | reload_manager:84 | _watch_workspace | Stopping workspace watcher for 'devops_assistant'
2026-01-22 00:33:33,261 | INFO    | runtime:devops_assistant | orchestrator:84 | run | Just entered Orchestrator ...
2026-01-22 00:33:35,599 | INFO    | runtime:devops_assistant | reload_manager:84 | _watch_workspace | Stopping workspace watcher for 'devops_assistant'
2026-01-22 00:37:00,891 | INFO    | runtime:devops_assistant | orchestrator:84 | run | Just entered Orchestrator ...
2026-01-22 00:37:01,768 | INFO    | runtime:devops_assistant | reload_manager:84 | _watch_workspace | Stopping workspace watcher for 'devops_assistant'
2026-01-22 00:38:32,270 | INFO    | runtime:devops_assistant | orchestrator:84 | run | Just entered Orchestrator ...
2026-01-22 00:38:33,113 | INFO    | runtime:devops_assistant | reload_manager:84 | _watch_workspace | Stopping workspace watcher for 'devops_assistant'
2026-01-22 00:50:20,081 | INFO    | runtime:devops_assistant | orchestrator:84 | run | Just entered Orchestrator ...
2026-01-22 00:50:20,081 | INFO    | runtime:devops_assistant | reload_manager:84 | _watch_workspace | Stopping workspace watcher for 'devops_assistant'
2026-01-22 00:54:09,454 | INFO    | runtime:devops_assistant | orchestrator:84 | run | Just entered Orchestrator ...
2026-01-22 00:54:10,324 | INFO    | runtime:devops_assistant | reload_manager:84 | _watch_workspace | Stopping workspace watcher for 'devops_assistant'
2026-01-22 00:56:06,906 | INFO    | runtime:devops_assistant | orchestrator:84 | run | Just entered Orchestrator ...
2026-01-22 00:56:07,762 | INFO    | runtime:devops_assistant | reload_manager:84 | _watch_workspace | Stopping workspace watcher for 'devops_assistant'
2026-01-22 06:04:40,086 | INFO    | runtime:devops_assistant | orchestrator:84 | run | Just entered Orchestrator ...
2026-01-22 06:04:44,388 | INFO    | runtime:devops_assistant | reload_manager:84 | _watch_workspace | Stopping workspace watcher for 'devops_assistant'
2026-01-22 06:09:17,701 | INFO    | runtime:devops_assistant | orchestrator:84 | run | Just entered Orchestrator ...
2026-01-22 06:09:18,542 | INFO    | runtime:devops_assistant | reload_manager:84 | _watch_workspace | Stopping workspace watcher for 'devops_assistant'
2026-01-22 06:10:05,729 | INFO    | runtime:devops_assistant | orchestrator:84 | run | Just entered Orchestrator ...
2026-01-22 06:10:06,641 | INFO    | runtime:devops_assistant | reload_manager:84 | _watch_workspace | Stopping workspace watcher for 'devops_assistant'
2026-01-22 06:10:41,502 | INFO    | runtime:devops_assistant | orchestrator:84 | run | Just entered Orchestrator ...
2026-01-22 06:10:42,352 | INFO    | runtime:devops_assistant | reload_manager:84 | _watch_workspace | Stopping workspace watcher for 'devops_assistant'
2026-01-22 06:11:21,073 | INFO    | runtime:devops_assistant | orchestrator:84 | run | Just entered Orchestrator ...
2026-01-22 06:11:22,083 | INFO    | runtime:devops_assistant | reload_manager:84 | _watch_workspace | Stopping workspace watcher for 'devops_assistant'
2026-01-22 06:12:18,442 | INFO    | runtime:devops_assistant | orchestrator:84 | run | Just entered Orchestrator ...
2026-01-22 06:12:19,304 | INFO    | runtime:devops_assistant | reload_manager:84 | _watch_workspace | Stopping workspace watcher for 'devops_assistant'
2026-01-22 06:14:37,532 | INFO    | runtime:devops_assistant | orchestrator:84 | run | Just entered Orchestrator ...
2026-01-22 06:14:38,373 | INFO    | runtime:devops_assistant | reload_manager:84 | _watch_workspace | Stopping workspace watcher for 'devops_assistant'
2026-01-22 06:16:07,896 | INFO    | runtime:devops_assistant | orchestrator:84 | run | Just entered Orchestrator ...
2026-01-22 06:16:08,735 | INFO    | runtime:devops_assistant | reload_manager:84 | _watch_workspace | Stopping workspace watcher for 'devops_assistant'
2026-01-22 06:17:03,924 | INFO    | runtime:devops_assistant | orchestrator:84 | run | Just entered Orchestrator ...
2026-01-22 06:17:04,816 | INFO    | runtime:devops_assistant | reload_manager:84 | _watch_workspace | Stopping workspace watcher for 'devops_assistant'
2026-01-22 06:17:25,976 | INFO    | runtime:devops_assistant | orchestrator:84 | run | Just entered Orchestrator ...
2026-01-22 06:17:27,205 | INFO    | runtime:devops_assistant | reload_manager:84 | _watch_workspace | Stopping workspace watcher for 'devops_assistant'
2026-01-22 06:18:51,843 | INFO    | runtime:devops_assistant | orchestrator:84 | run | Just entered Orchestrator ...
2026-01-22 06:18:56,426 | INFO    | runtime:devops_assistant | reload_manager:84 | _watch_workspace | Stopping workspace watcher for 'devops_assistant'
2026-01-22 06:25:36,006 | INFO    | runtime:devops_assistant | orchestrator:84 | run | Just entered Orchestrator ...
2026-01-22 06:25:40,758 | INFO    | runtime:devops_assistant | reload_manager:84 | _watch_workspace | Stopping workspace watcher for 'devops_assistant'
2026-01-22 06:26:47,342 | INFO    | runtime:devops_assistant | orchestrator:84 | run | Just entered Orchestrator ...
2026-01-22 06:26:48,209 | INFO    | runtime:devops_assistant | reload_manager:84 | _watch_workspace | Stopping workspace watcher for 'devops_assistant'
2026-01-22 06:57:12,554 | INFO    | runtime:devops_assistant | orchestrator:84 | run | Just entered Orchestrator ...
2026-01-22 06:57:18,269 | INFO    | runtime:devops_assistant | reload_manager:84 | _watch_workspace | Stopping workspace watcher for 'devops_assistant'
2026-01-22 07:00:34,710 | INFO    | runtime:devops_assistant | reload_manager:84 | _watch_workspace | Stopping workspace watcher for 'devops_assistant'
2026-01-22 07:03:05,127 | INFO    | runtime:devops_assistant | reload_manager:84 | _watch_workspace | Stopping workspace watcher for 'devops_assistant'
2026-01-22 07:12:56,604 | INFO    | runtime:devops_assistant | reload_manager:84 | _watch_workspace | Stopping workspace watcher for 'devops_assistant'
2026-01-22 07:13:32,756 | INFO    | runtime:devops_assistant | reload_manager:84 | _watch_workspace | Stopping workspace watcher for 'devops_assistant'
2026-01-22 07:14:14,873 | INFO    | runtime:devops_assistant | reload_manager:84 | _watch_workspace | Stopping workspace watcher for 'devops_assistant'
2026-01-22 07:16:25,637 | INFO    | runtime:devops_assistant | reload_manager:84 | _watch_workspace | Stopping workspace watcher for 'devops_assistant'
2026-01-22 07:17:30,544 | INFO    | runtime:devops_assistant | reload_manager:84 | _watch_workspace | Stopping workspace watcher for 'devops_assistant'
2026-01-22 07:22:13,303 | INFO    | runtime:devops_assistant | reload_manager:84 | _watch_workspace | Stopping workspace watcher for 'devops_assistant'
2026-01-22 07:23:21,006 | INFO    | runtime:devops_assistant | reload_manager:84 | _watch_workspace | Stopping workspace watcher for 'devops_assistant'
2026-01-22 07:23:30,057 | INFO    | runtime:devops_assistant | reload_manager:84 | _watch_workspace | Stopping workspace watcher for 'devops_assistant'
2026-01-22 07:24:21,592 | INFO    | runtime:devops_assistant | reload_manager:84 | _watch_workspace | Stopping workspace watcher for 'devops_assistant'
2026-01-22 07:25:13,619 | INFO    | runtime:devops_assistant | reload_manager:84 | _watch_workspace | Stopping workspace watcher for 'devops_assistant'
2026-01-22 07:25:27,725 | INFO    | runtime:devops_assistant | reload_manager:84 | _watch_workspace | Stopping workspace watcher for 'devops_assistant'
2026-01-22 13:19:56,463 | INFO    | runtime:devops_assistant | reload_manager:84 | _watch_workspace | Stopping workspace watcher for 'devops_assistant'
2026-01-22 13:21:09,609 | INFO    | runtime:devops_assistant | reload_manager:84 | _watch_workspace | Stopping workspace watcher for 'devops_assistant'
2026-01-22 13:24:24,527 | INFO    | runtime:devops_assistant | reload_manager:84 | _watch_workspace | Stopping workspace watcher for 'devops_assistant'
2026-01-22 13:25:55,131 | INFO    | runtime:devops_assistant | reload_manager:84 | _watch_workspace | Stopping workspace watcher for 'devops_assistant'
2026-01-22 13:30:05,392 | INFO    | runtime:devops_assistant | reload_manager:84 | _watch_workspace | Stopping workspace watcher for 'devops_assistant'
2026-01-22 13:32:44,860 | INFO    | runtime:devops_assistant | reload_manager:84 | _watch_workspace | Stopping workspace watcher for 'devops_assistant'
2026-01-22 13:33:16,275 | INFO    | runtime:devops_assistant | reload_manager:84 | _watch_workspace | Stopping workspace watcher for 'devops_assistant'
2026-01-22 13:33:52,182 | INFO    | runtime:devops_assistant | reload_manager:84 | _watch_workspace | Stopping workspace watcher for 'devops_assistant'
2026-01-22 13:35:13,094 | INFO    | runtime:devops_assistant | reload_manager:84 | _watch_workspace | Stopping workspace watcher for 'devops_assistant'
2026-01-22 13:52:23,435 | INFO    | runtime:devops_assistant | reload_manager:84 | _watch_workspace | Stopping workspace watcher for 'devops_assistant'
2026-01-22 13:53:17,269 | INFO    | runtime:devops_assistant | reload_manager:84 | _watch_workspace | Stopping workspace watcher for 'devops_assistant'
2026-01-22 13:53:35,454 | INFO    | runtime:devops_assistant | reload_manager:84 | _watch_workspace | Stopping workspace watcher for 'devops_assistant'
2026-01-22 13:54:15,310 | INFO    | runtime:devops_assistant | reload_manager:84 | _watch_workspace | Stopping workspace watcher for 'devops_assistant'
2026-01-22 15:48:55,097 | INFO    | runtime:devops_assistant | reload_manager:84 | _watch_workspace | Stopping workspace watcher for 'devops_assistant'
2026-01-22 15:49:43,825 | INFO    | runtime:devops_assistant | reload_manager:84 | _watch_workspace | Stopping workspace watcher for 'devops_assistant'
2026-01-22 15:49:56,651 | INFO    | runtime:devops_assistant | reload_manager:84 | _watch_workspace | Stopping workspace watcher for 'devops_assistant'
2026-01-22 15:54:31,319 | INFO    | runtime:devops_assistant | reload_manager:84 | _watch_workspace | Stopping workspace watcher for 'devops_assistant'
2026-01-22 15:55:43,688 | INFO    | runtime:devops_assistant | reload_manager:84 | _watch_workspace | Stopping workspace watcher for 'devops_assistant'
2026-01-22 16:23:44,012 | INFO    | runtime:devops_assistant | reload_manager:84 | _watch_workspace | Stopping workspace watcher for 'devops_assistant'
2026-01-22 16:24:35,440 | INFO    | runtime:devops_assistant | reload_manager:84 | _watch_workspace | Stopping workspace watcher for 'devops_assistant'
2026-01-22 16:25:27,644 | INFO    | runtime:devops_assistant | reload_manager:84 | _watch_workspace | Stopping workspace watcher for 'devops_assistant'
2026-01-22 18:01:09,109 | ERROR   | runtime:devops_assistant | reload_manager:87 | _watch_workspace | Error while watching workspace 'devops_assistant': 'dict' object has no attribute '_compute_version_hash'
2026-01-22 18:01:17,798 | INFO    | runtime:devops_assistant | reload_manager:84 | _watch_workspace | Stopping workspace watcher for 'devops_assistant'
2026-01-22 18:02:41,277 | INFO    | runtime:devops_assistant | reload_manager:84 | _watch_workspace | Stopping workspace watcher for 'devops_assistant'
2026-01-22 18:04:42,321 | INFO    | runtime:devops_assistant | reload_manager:84 | _watch_workspace | Stopping workspace watcher for 'devops_assistant'
2026-01-22 18:05:21,738 | INFO    | runtime:devops_assistant | reload_manager:84 | _watch_workspace | Stopping workspace watcher for 'devops_assistant'
2026-01-22 18:08:49,169 | INFO    | runtime:devops_assistant | reload_manager:84 | _watch_workspace | Stopping workspace watcher for 'devops_assistant'
2026-01-22 18:43:41,210 | ERROR   | runtime:devops_assistant | reload_manager:87 | _watch_workspace | Error while watching workspace 'devops_assistant': 'dict' object has no attribute '_compute_version_hash'
2026-01-22 18:43:42,518 | INFO    | runtime:devops_assistant | reload_manager:84 | _watch_workspace | Stopping workspace watcher for 'devops_assistant'
2026-01-22 18:49:22,381 | INFO    | runtime:devops_assistant | reload_manager:84 | _watch_workspace | Stopping workspace watcher for 'devops_assistant'
2026-01-22 18:50:12,151 | ERROR   | runtime:devops_assistant | reload_manager:87 | _watch_workspace | Error while watching workspace 'devops_assistant': 'dict' object has no attribute '_compute_version_hash'
2026-01-22 18:50:42,151 | ERROR   | runtime:devops_assistant | reload_manager:87 | _watch_workspace | Error while watching workspace 'devops_assistant': 'dict' object has no attribute '_compute_version_hash'
2026-01-22 18:50:59,618 | INFO    | runtime:devops_assistant | reload_manager:84 | _watch_workspace | Stopping workspace watcher for 'devops_assistant'
2026-01-22 19:05:12,300 | INFO    | runtime:devops_assistant | reload_manager:84 | _watch_workspace | Stopping workspace watcher for 'devops_assistant'
2026-01-22 19:06:35,778 | INFO    | runtime:devops_assistant | reload_manager:84 | _watch_workspace | Stopping workspace watcher for 'devops_assistant'
2026-01-22 19:07:47,948 | INFO    | runtime:devops_assistant | reload_manager:84 | _watch_workspace | Stopping workspace watcher for 'devops_assistant'
2026-01-22 19:10:19,717 | INFO    | runtime:devops_assistant | reload_manager:84 | _watch_workspace | Stopping workspace watcher for 'devops_assistant'
2026-01-22 21:08:31,234 | INFO    | runtime:devops_assistant | reload_manager:84 | _watch_workspace | Stopping workspace watcher for 'devops_assistant'
2026-01-22 21:13:48,247 | INFO    | runtime:devops_assistant | reload_manager:84 | _watch_workspace | Stopping workspace watcher for 'devops_assistant'
2026-01-22 21:18:09,418 | INFO    | runtime:devops_assistant | reload_manager:84 | _watch_workspace | Stopping workspace watcher for 'devops_assistant'
2026-01-22 21:27:52,656 | INFO    | runtime:devops_assistant | reload_manager:84 | _watch_workspace | Stopping workspace watcher for 'devops_assistant'
2026-01-22 21:33:31,685 | INFO    | runtime:devops_assistant | reload_manager:84 | _watch_workspace | Stopping workspace watcher for 'devops_assistant'
2026-01-22 21:44:39,417 | INFO    | runtime:devops_assistant | reload_manager:84 | _watch_workspace | Stopping workspace watcher for 'devops_assistant'
2026-01-22 21:47:26,532 | INFO    | runtime:devops_assistant | reload_manager:84 | _watch_workspace | Stopping workspace watcher for 'devops_assistant'
2026-01-22 21:47:41,002 | INFO    | runtime:devops_assistant | reload_manager:84 | _watch_workspace | Stopping workspace watcher for 'devops_assistant'
2026-01-22 21:51:14,024 | INFO    | runtime:devops_assistant | reload_manager:84 | _watch_workspace | Stopping workspace watcher for 'devops_assistant'
2026-01-22 21:52:28,011 | INFO    | runtime:devops_assistant | reload_manager:84 | _watch_workspace | Stopping workspace watcher for 'devops_assistant'
2026-01-22 21:53:58,396 | INFO    | runtime:devops_assistant | reload_manager:84 | _watch_workspace | Stopping workspace watcher for 'devops_assistant'
2026-01-22 21:57:12,959 | INFO    | runtime:devops_assistant | reload_manager:84 | _watch_workspace | Stopping workspace watcher for 'devops_assistant'
2026-01-22 21:59:53,938 | INFO    | runtime:devops_assistant | reload_manager:84 | _watch_workspace | Stopping workspace watcher for 'devops_assistant'
2026-01-22 22:00:53,603 | INFO    | runtime:devops_assistant | reload_manager:84 | _watch_workspace | Stopping workspace watcher for 'devops_assistant'
2026-01-22 22:02:55,803 | INFO    | runtime:devops_assistant | reload_manager:84 | _watch_workspace | Stopping workspace watcher for 'devops_assistant'
2026-01-22 22:09:45,047 | INFO    | runtime:devops_assistant | reload_manager:84 | _watch_workspace | Stopping workspace watcher for 'devops_assistant'
2026-01-22 22:10:39,342 | INFO    | runtime:devops_assistant | reload_manager:84 | _watch_workspace | Stopping workspace watcher for 'devops_assistant'
2026-01-22 22:13:09,701 | INFO    | runtime:devops_assistant | reload_manager:84 | _watch_workspace | Stopping workspace watcher for 'devops_assistant'
2026-01-22 22:16:21,315 | INFO    | runtime:devops_assistant | reload_manager:84 | _watch_workspace | Stopping workspace watcher for 'devops_assistant'
2026-01-22 22:35:40,210 | INFO    | runtime:devops_assistant | reload_manager:84 | _watch_workspace | Stopping workspace watcher for 'devops_assistant'
2026-01-22 22:36:38,755 | INFO    | runtime:devops_assistant | reload_manager:84 | _watch_workspace | Stopping workspace watcher for 'devops_assistant'
2026-01-22 22:37:03,602 | INFO    | runtime:devops_assistant | reload_manager:84 | _watch_workspace | Stopping workspace watcher for 'devops_assistant'
2026-01-22 22:38:26,511 | INFO    | runtime:devops_assistant | reload_manager:84 | _watch_workspace | Stopping workspace watcher for 'devops_assistant'
2026-01-22 22:49:30,423 | INFO    | runtime:devops_assistant | reload_manager:84 | _watch_workspace | Stopping workspace watcher for 'devops_assistant'
2026-01-22 22:50:52,631 | INFO    | runtime:devops_assistant | reload_manager:84 | _watch_workspace | Stopping workspace watcher for 'devops_assistant'
2026-01-22 22:52:13,265 | INFO    | runtime:devops_assistant | reload_manager:84 | _watch_workspace | Stopping workspace watcher for 'devops_assistant'
2026-01-22 22:53:33,200 | INFO    | runtime:devops_assistant | reload_manager:84 | _watch_workspace | Stopping workspace watcher for 'devops_assistant'
2026-01-22 22:57:12,212 | INFO    | runtime:devops_assistant | reload_manager:84 | _watch_workspace | Stopping workspace watcher for 'devops_assistant'
2026-01-22 22:59:14,660 | INFO    | runtime:devops_assistant | reload_manager:84 | _watch_workspace | Stopping workspace watcher for 'devops_assistant'
2026-01-22 22:59:29,898 | INFO    | runtime:devops_assistant | reload_manager:84 | _watch_workspace | Stopping workspace watcher for 'devops_assistant'
2026-01-23 22:13:25,068 | INFO    | runtime:devops_assistant | reload_manager:84 | _watch_workspace | Stopping workspace watcher for 'devops_assistant'
2026-01-23 22:14:29,438 | INFO    | runtime:devops_assistant | reload_manager:84 | _watch_workspace | Stopping workspace watcher for 'devops_assistant'
2026-01-23 22:15:06,582 | INFO    | runtime:devops_assistant | reload_manager:84 | _watch_workspace | Stopping workspace watcher for 'devops_assistant'
2026-01-23 22:16:00,928 | INFO    | runtime:devops_assistant | reload_manager:84 | _watch_workspace | Stopping workspace watcher for 'devops_assistant'
2026-01-23 22:42:09,981 | ERROR   | runtime:devops_assistant | reload_manager:87 | _watch_workspace | Error while watching workspace 'devops_assistant': 'dict' object has no attribute '_compute_version_hash'
2026-01-23 22:42:39,981 | ERROR   | runtime:devops_assistant | reload_manager:87 | _watch_workspace | Error while watching workspace 'devops_assistant': 'dict' object has no attribute '_compute_version_hash'
2026-01-23 22:42:55,295 | INFO    | runtime:devops_assistant | reload_manager:84 | _watch_workspace | Stopping workspace watcher for 'devops_assistant'
2026-01-23 22:47:27,523 | INFO    | runtime:devops_assistant | reload_manager:84 | _watch_workspace | Stopping workspace watcher for 'devops_assistant'
2026-01-23 22:50:22,559 | INFO    | runtime:devops_assistant | reload_manager:84 | _watch_workspace | Stopping workspace watcher for 'devops_assistant'
2026-01-23 22:50:44,461 | INFO    | runtime:devops_assistant | reload_manager:84 | _watch_workspace | Stopping workspace watcher for 'devops_assistant'
2026-01-23 22:51:20,006 | INFO    | runtime:devops_assistant | reload_manager:84 | _watch_workspace | Stopping workspace watcher for 'devops_assistant'
2026-01-24 00:29:09,512 | INFO    | runtime:devops_assistant | reload_manager:84 | _watch_workspace | Stopping workspace watcher for 'devops_assistant'
2026-01-24 00:36:33,446 | INFO    | runtime:devops_assistant | reload_manager:84 | _watch_workspace | Stopping workspace watcher for 'devops_assistant'
2026-01-24 00:40:24,427 | INFO    | runtime:devops_assistant | reload_manager:84 | _watch_workspace | Stopping workspace watcher for 'devops_assistant'
2026-01-24 00:41:34,565 | INFO    | runtime:devops_assistant | reload_manager:84 | _watch_workspace | Stopping workspace watcher for 'devops_assistant'
2026-01-24 00:51:13,501 | INFO    | runtime:devops_assistant | reload_manager:84 | _watch_workspace | Stopping workspace watcher for 'devops_assistant'
2026-01-24 00:52:04,898 | INFO    | runtime:devops_assistant | reload_manager:84 | _watch_workspace | Stopping workspace watcher for 'devops_assistant'
2026-01-24 01:59:17,547 | INFO    | runtime:devops_assistant | reload_manager:84 | _watch_workspace | Stopping workspace watcher for 'devops_assistant'
2026-01-24 07:59:43,357 | INFO    | runtime:devops_assistant | reload_manager:84 | _watch_workspace | Stopping workspace watcher for 'devops_assistant'
2026-01-24 08:10:24,511 | INFO    | runtime:devops_assistant | reload_manager:84 | _watch_workspace | Stopping workspace watcher for 'devops_assistant'
2026-01-24 08:39:55,881 | INFO    | runtime:devops_assistant | reload_manager:84 | _watch_workspace | Stopping workspace watcher for 'devops_assistant'
2026-01-24 08:41:36,341 | INFO    | runtime:devops_assistant | reload_manager:84 | _watch_workspace | Stopping workspace watcher for 'devops_assistant'
2026-01-24 08:44:17,592 | INFO    | runtime:devops_assistant | reload_manager:84 | _watch_workspace | Stopping workspace watcher for 'devops_assistant'
2026-01-24 08:45:05,054 | INFO    | runtime:devops_assistant | reload_manager:84 | _watch_workspace | Stopping workspace watcher for 'devops_assistant'
2026-01-24 08:51:02,172 | INFO    | runtime:devops_assistant | reload_manager:84 | _watch_workspace | Stopping workspace watcher for 'devops_assistant'
2026-01-24 08:59:13,861 | INFO    | runtime:devops_assistant | reload_manager:84 | _watch_workspace | Stopping workspace watcher for 'devops_assistant'
2026-01-24 09:00:39,919 | INFO    | runtime:devops_assistant | reload_manager:84 | _watch_workspace | Stopping workspace watcher for 'devops_assistant'
2026-01-24 09:09:55,004 | INFO    | runtime:devops_assistant | reload_manager:84 | _watch_workspace | Stopping workspace watcher for 'devops_assistant'
2026-01-24 09:12:36,622 | INFO    | runtime:devops_assistant | reload_manager:84 | _watch_workspace | Stopping workspace watcher for 'devops_assistant'
2026-01-24 09:14:37,329 | INFO    | runtime:devops_assistant | reload_manager:84 | _watch_workspace | Stopping workspace watcher for 'devops_assistant'
2026-01-24 10:05:49,621 | INFO    | runtime:devops_assistant | reload_manager:84 | _watch_workspace | Stopping workspace watcher for 'devops_assistant'
2026-01-24 10:14:38,946 | INFO    | runtime:devops_assistant | reload_manager:84 | _watch_workspace | Stopping workspace watcher for 'devops_assistant'
2026-01-24 10:21:53,073 | INFO    | runtime:devops_assistant | reload_manager:84 | _watch_workspace | Stopping workspace watcher for 'devops_assistant'
2026-01-24 10:22:18,740 | INFO    | runtime:devops_assistant | reload_manager:84 | _watch_workspace | Stopping workspace watcher for 'devops_assistant'
2026-01-24 10:23:27,572 | INFO    | runtime:devops_assistant | reload_manager:84 | _watch_workspace | Stopping workspace watcher for 'devops_assistant'
2026-01-24 10:23:43,740 | INFO    | runtime:devops_assistant | reload_manager:84 | _watch_workspace | Stopping workspace watcher for 'devops_assistant'
2026-01-24 10:25:19,918 | INFO    | runtime:devops_assistant | reload_manager:84 | _watch_workspace | Stopping workspace watcher for 'devops_assistant'
2026-01-24 10:25:50,559 | INFO    | runtime:devops_assistant | reload_manager:84 | _watch_workspace | Stopping workspace watcher for 'devops_assistant'
2026-01-24 10:33:34,013 | INFO    | runtime:devops_assistant | reload_manager:84 | _watch_workspace | Stopping workspace watcher for 'devops_assistant'
2026-01-24 10:34:16,468 | INFO    | runtime:devops_assistant | reload_manager:84 | _watch_workspace | Stopping workspace watcher for 'devops_assistant'
2026-01-24 10:39:40,571 | INFO    | runtime:devops_assistant | reload_manager:84 | _watch_workspace | Stopping workspace watcher for 'devops_assistant'
2026-01-24 10:40:34,349 | ERROR   | runtime:devops_assistant | reload_manager:87 | _watch_workspace | Error while watching workspace 'devops_assistant': 'dict' object has no attribute '_compute_version_hash'
2026-01-24 10:41:04,348 | ERROR   | runtime:devops_assistant | reload_manager:87 | _watch_workspace | Error while watching workspace 'devops_assistant': 'dict' object has no attribute '_compute_version_hash'
2026-01-24 10:41:34,349 | ERROR   | runtime:devops_assistant | reload_manager:87 | _watch_workspace | Error while watching workspace 'devops_assistant': 'dict' object has no attribute '_compute_version_hash'
2026-01-24 10:41:35,334 | INFO    | runtime:devops_assistant | reload_manager:84 | _watch_workspace | Stopping workspace watcher for 'devops_assistant'
2026-01-24 10:43:59,590 | INFO    | runtime:devops_assistant | reload_manager:84 | _watch_workspace | Stopping workspace watcher for 'devops_assistant'
2026-01-24 10:47:57,268 | INFO    | runtime:devops_assistant | reload_manager:84 | _watch_workspace | Stopping workspace watcher for 'devops_assistant'
2026-01-24 10:54:42,424 | INFO    | runtime:devops_assistant | reload_manager:84 | _watch_workspace | Stopping workspace watcher for 'devops_assistant'
2026-01-24 10:56:34,981 | INFO    | runtime:devops_assistant | reload_manager:84 | _watch_workspace | Stopping workspace watcher for 'devops_assistant'
2026-01-24 12:06:01,955 | ERROR   | runtime:devops_assistant | reload_manager:87 | _watch_workspace | Error while watching workspace 'devops_assistant': 'dict' object has no attribute '_compute_version_hash'
2026-01-24 12:06:31,955 | ERROR   | runtime:devops_assistant | reload_manager:87 | _watch_workspace | Error while watching workspace 'devops_assistant': 'dict' object has no attribute '_compute_version_hash'
2026-01-24 12:06:50,689 | INFO    | runtime:devops_assistant | reload_manager:84 | _watch_workspace | Stopping workspace watcher for 'devops_assistant'
2026-01-24 12:46:35,400 | INFO    | runtime:devops_assistant | reload_manager:84 | _watch_workspace | Stopping workspace watcher for 'devops_assistant'
2026-01-24 12:47:13,824 | INFO    | runtime:devops_assistant | reload_manager:84 | _watch_workspace | Stopping workspace watcher for 'devops_assistant'
2026-01-24 12:48:42,132 | INFO    | runtime:devops_assistant | reload_manager:84 | _watch_workspace | Stopping workspace watcher for 'devops_assistant'
2026-01-24 12:50:26,459 | ERROR   | runtime:devops_assistant | reload_manager:87 | _watch_workspace | Error while watching workspace 'devops_assistant': 'dict' object has no attribute '_compute_version_hash'
2026-01-24 12:50:56,459 | ERROR   | runtime:devops_assistant | reload_manager:87 | _watch_workspace | Error while watching workspace 'devops_assistant': 'dict' object has no attribute '_compute_version_hash'
2026-01-24 12:51:26,459 | ERROR   | runtime:devops_assistant | reload_manager:87 | _watch_workspace | Error while watching workspace 'devops_assistant': 'dict' object has no attribute '_compute_version_hash'
2026-01-24 12:51:29,247 | INFO    | runtime:devops_assistant | reload_manager:84 | _watch_workspace | Stopping workspace watcher for 'devops_assistant'
2026-01-24 12:59:03,562 | INFO    | runtime:devops_assistant | reload_manager:84 | _watch_workspace | Stopping workspace watcher for 'devops_assistant'
2026-01-24 13:07:34,187 | INFO    | runtime:devops_assistant | reload_manager:84 | _watch_workspace | Stopping workspace watcher for 'devops_assistant'
2026-01-24 15:11:44,098 | INFO    | runtime:devops_assistant | reload_manager:84 | _watch_workspace | Stopping workspace watcher for 'devops_assistant'
2026-01-24 15:13:11,504 | INFO    | runtime:devops_assistant | reload_manager:84 | _watch_workspace | Stopping workspace watcher for 'devops_assistant'
2026-01-24 15:30:57,108 | INFO    | runtime:devops_assistant | reload_manager:84 | _watch_workspace | Stopping workspace watcher for 'devops_assistant'
2026-01-24 15:31:34,984 | INFO    | runtime:devops_assistant | reload_manager:84 | _watch_workspace | Stopping workspace watcher for 'devops_assistant'
2026-01-24 15:33:59,335 | INFO    | runtime:devops_assistant | reload_manager:84 | _watch_workspace | Stopping workspace watcher for 'devops_assistant'
2026-01-24 15:34:57,034 | INFO    | runtime:devops_assistant | reload_manager:84 | _watch_workspace | Stopping workspace watcher for 'devops_assistant'
2026-01-24 17:10:55,740 | INFO    | runtime:devops_assistant | reload_manager:84 | _watch_workspace | Stopping workspace watcher for 'devops_assistant'
2026-01-24 17:17:00,146 | INFO    | runtime:devops_assistant | reload_manager:84 | _watch_workspace | Stopping workspace watcher for 'devops_assistant'
2026-01-24 17:21:19,489 | INFO    | runtime:devops_assistant | reload_manager:84 | _watch_workspace | Stopping workspace watcher for 'devops_assistant'
2026-01-24 17:28:52,545 | INFO    | runtime:devops_assistant | reload_manager:84 | _watch_workspace | Stopping workspace watcher for 'devops_assistant'
2026-01-24 17:33:26,537 | INFO    | runtime:devops_assistant | reload_manager:84 | _watch_workspace | Stopping workspace watcher for 'devops_assistant'
2026-01-24 17:34:03,660 | INFO    | runtime:devops_assistant | reload_manager:84 | _watch_workspace | Stopping workspace watcher for 'devops_assistant'
2026-01-24 17:34:55,060 | ERROR   | runtime:devops_assistant | reload_manager:87 | _watch_workspace | Error while watching workspace 'devops_assistant': 'dict' object has no attribute '_compute_version_hash'
2026-01-24 17:35:25,060 | ERROR   | runtime:devops_assistant | reload_manager:87 | _watch_workspace | Error while watching workspace 'devops_assistant': 'dict' object has no attribute '_compute_version_hash'
2026-01-24 17:35:44,119 | INFO    | runtime:devops_assistant | reload_manager:84 | _watch_workspace | Stopping workspace watcher for 'devops_assistant'
2026-01-24 17:36:31,801 | INFO    | runtime:devops_assistant | reload_manager:84 | _watch_workspace | Stopping workspace watcher for 'devops_assistant'
2026-01-24 17:39:47,841 | INFO    | runtime:devops_assistant | reload_manager:84 | _watch_workspace | Stopping workspace watcher for 'devops_assistant'
2026-01-24 17:58:16,659 | INFO    | runtime:devops_assistant | reload_manager:84 | _watch_workspace | Stopping workspace watcher for 'devops_assistant'
2026-01-24 18:17:59,923 | ERROR   | runtime:devops_assistant | reload_manager:87 | _watch_workspace | Error while watching workspace 'devops_assistant': 'dict' object has no attribute '_compute_version_hash'
2026-01-24 18:18:29,921 | ERROR   | runtime:devops_assistant | reload_manager:87 | _watch_workspace | Error while watching workspace 'devops_assistant': 'dict' object has no attribute '_compute_version_hash'
2026-01-24 18:18:58,592 | INFO    | runtime:devops_assistant | reload_manager:84 | _watch_workspace | Stopping workspace watcher for 'devops_assistant'
2026-01-24 18:57:03,762 | INFO    | runtime:devops_assistant | reload_manager:84 | _watch_workspace | Stopping workspace watcher for 'devops_assistant'
2026-01-24 18:59:13,454 | INFO    | runtime:devops_assistant | reload_manager:84 | _watch_workspace | Stopping workspace watcher for 'devops_assistant'
2026-01-24 19:00:22,081 | INFO    | runtime:devops_assistant | reload_manager:84 | _watch_workspace | Stopping workspace watcher for 'devops_assistant'
2026-01-24 19:01:01,493 | INFO    | runtime:devops_assistant | reload_manager:84 | _watch_workspace | Stopping workspace watcher for 'devops_assistant'
2026-01-24 19:05:08,360 | ERROR   | runtime:devops_assistant | reload_manager:87 | _watch_workspace | Error while watching workspace 'devops_assistant': 'dict' object has no attribute '_compute_version_hash'
2026-01-24 19:05:17,211 | INFO    | runtime:devops_assistant | reload_manager:84 | _watch_workspace | Stopping workspace watcher for 'devops_assistant'
2026-01-24 19:09:31,511 | INFO    | runtime:devops_assistant | reload_manager:84 | _watch_workspace | Stopping workspace watcher for 'devops_assistant'
2026-01-24 19:10:15,811 | ERROR   | runtime:devops_assistant | reload_manager:87 | _watch_workspace | Error while watching workspace 'devops_assistant': 'dict' object has no attribute '_compute_version_hash'
2026-01-24 19:10:45,810 | ERROR   | runtime:devops_assistant | reload_manager:87 | _watch_workspace | Error while watching workspace 'devops_assistant': 'dict' object has no attribute '_compute_version_hash'
2026-01-24 19:11:08,578 | INFO    | runtime:devops_assistant | reload_manager:84 | _watch_workspace | Stopping workspace watcher for 'devops_assistant'
2026-01-24 19:19:16,838 | ERROR   | runtime:devops_assistant | reload_manager:87 | _watch_workspace | Error while watching workspace 'devops_assistant': 'dict' object has no attribute '_compute_version_hash'
2026-01-24 19:19:46,838 | ERROR   | runtime:devops_assistant | reload_manager:87 | _watch_workspace | Error while watching workspace 'devops_assistant': 'dict' object has no attribute '_compute_version_hash'
2026-01-24 19:19:51,490 | INFO    | runtime:devops_assistant | reload_manager:84 | _watch_workspace | Stopping workspace watcher for 'devops_assistant'
2026-01-24 19:20:18,650 | INFO    | runtime:devops_assistant | reload_manager:84 | _watch_workspace | Stopping workspace watcher for 'devops_assistant'
2026-01-24 19:20:55,882 | INFO    | runtime:devops_assistant | reload_manager:84 | _watch_workspace | Stopping workspace watcher for 'devops_assistant'
2026-01-24 19:24:52,025 | INFO    | runtime:devops_assistant | reload_manager:84 | _watch_workspace | Stopping workspace watcher for 'devops_assistant'
2026-01-24 19:25:21,261 | INFO    | runtime:devops_assistant | reload_manager:84 | _watch_workspace | Stopping workspace watcher for 'devops_assistant'
2026-01-24 19:26:43,110 | INFO    | runtime:devops_assistant | reload_manager:84 | _watch_workspace | Stopping workspace watcher for 'devops_assistant'
2026-01-24 19:27:40,075 | INFO    | runtime:devops_assistant | reload_manager:84 | _watch_workspace | Stopping workspace watcher for 'devops_assistant'
2026-01-24 19:29:13,933 | ERROR   | runtime:devops_assistant | reload_manager:87 | _watch_workspace | Error while watching workspace 'devops_assistant': 'dict' object has no attribute '_compute_version_hash'
2026-01-24 19:29:43,933 | ERROR   | runtime:devops_assistant | reload_manager:87 | _watch_workspace | Error while watching workspace 'devops_assistant': 'dict' object has no attribute '_compute_version_hash'
2026-01-24 19:30:08,276 | INFO    | runtime:devops_assistant | reload_manager:84 | _watch_workspace | Stopping workspace watcher for 'devops_assistant'
2026-01-24 19:31:29,456 | INFO    | runtime:devops_assistant | reload_manager:84 | _watch_workspace | Stopping workspace watcher for 'devops_assistant'
2026-01-24 19:33:33,269 | INFO    | runtime:devops_assistant | reload_manager:84 | _watch_workspace | Stopping workspace watcher for 'devops_assistant'
2026-01-24 19:34:24,346 | INFO    | runtime:devops_assistant | reload_manager:84 | _watch_workspace | Stopping workspace watcher for 'devops_assistant'
2026-01-24 20:35:22,995 | INFO    | runtime:devops_assistant | reload_manager:84 | _watch_workspace | Stopping workspace watcher for 'devops_assistant'
2026-01-24 20:35:59,002 | INFO    | runtime:devops_assistant | reload_manager:84 | _watch_workspace | Stopping workspace watcher for 'devops_assistant'
2026-01-24 20:48:35,639 | INFO    | runtime:devops_assistant | reload_manager:84 | _watch_workspace | Stopping workspace watcher for 'devops_assistant'
2026-01-24 22:06:04,970 | INFO    | runtime:devops_assistant | reload_manager:84 | _watch_workspace | Stopping workspace watcher for 'devops_assistant'
2026-01-24 22:07:30,097 | INFO    | runtime:devops_assistant | reload_manager:84 | _watch_workspace | Stopping workspace watcher for 'devops_assistant'
2026-01-24 22:13:25,974 | INFO    | runtime:devops_assistant | reload_manager:84 | _watch_workspace | Stopping workspace watcher for 'devops_assistant'
2026-01-24 22:14:27,722 | INFO    | runtime:devops_assistant | reload_manager:84 | _watch_workspace | Stopping workspace watcher for 'devops_assistant'
2026-01-24 22:14:50,613 | INFO    | runtime:devops_assistant | reload_manager:84 | _watch_workspace | Stopping workspace watcher for 'devops_assistant'
2026-01-24 22:15:44,854 | ERROR   | runtime:devops_assistant | reload_manager:87 | _watch_workspace | Error while watching workspace 'devops_assistant': 'dict' object has no attribute '_compute_version_hash'
2026-01-24 22:16:14,855 | ERROR   | runtime:devops_assistant | reload_manager:87 | _watch_workspace | Error while watching workspace 'devops_assistant': 'dict' object has no attribute '_compute_version_hash'
2026-01-24 22:16:40,074 | INFO    | runtime:devops_assistant | reload_manager:84 | _watch_workspace | Stopping workspace watcher for 'devops_assistant'
2026-01-24 22:16:58,410 | INFO    | runtime:devops_assistant | reload_manager:84 | _watch_workspace | Stopping workspace watcher for 'devops_assistant'
2026-01-24 22:19:34,967 | ERROR   | runtime:devops_assistant | reload_manager:87 | _watch_workspace | Error while watching workspace 'devops_assistant': 'dict' object has no attribute '_compute_version_hash'
2026-01-24 22:20:04,967 | ERROR   | runtime:devops_assistant | reload_manager:87 | _watch_workspace | Error while watching workspace 'devops_assistant': 'dict' object has no attribute '_compute_version_hash'
2026-01-24 22:20:31,421 | INFO    | runtime:devops_assistant | reload_manager:84 | _watch_workspace | Stopping workspace watcher for 'devops_assistant'
2026-01-24 22:21:44,178 | ERROR   | runtime:devops_assistant | reload_manager:87 | _watch_workspace | Error while watching workspace 'devops_assistant': 'dict' object has no attribute '_compute_version_hash'
2026-01-24 22:22:14,179 | ERROR   | runtime:devops_assistant | reload_manager:87 | _watch_workspace | Error while watching workspace 'devops_assistant': 'dict' object has no attribute '_compute_version_hash'
2026-01-24 22:22:36,083 | INFO    | runtime:devops_assistant | reload_manager:84 | _watch_workspace | Stopping workspace watcher for 'devops_assistant'
2026-01-24 22:23:03,590 | INFO    | runtime:devops_assistant | reload_manager:84 | _watch_workspace | Stopping workspace watcher for 'devops_assistant'
2026-01-24 22:26:59,393 | INFO    | runtime:devops_assistant | reload_manager:84 | _watch_workspace | Stopping workspace watcher for 'devops_assistant'
2026-01-24 22:27:45,366 | INFO    | runtime:devops_assistant | reload_manager:84 | _watch_workspace | Stopping workspace watcher for 'devops_assistant'
2026-01-24 22:31:05,893 | ERROR   | runtime:devops_assistant | reload_manager:87 | _watch_workspace | Error while watching workspace 'devops_assistant': 'dict' object has no attribute '_compute_version_hash'
2026-01-24 22:31:35,894 | ERROR   | runtime:devops_assistant | reload_manager:87 | _watch_workspace | Error while watching workspace 'devops_assistant': 'dict' object has no attribute '_compute_version_hash'
2026-01-24 22:32:05,895 | ERROR   | runtime:devops_assistant | reload_manager:87 | _watch_workspace | Error while watching workspace 'devops_assistant': 'dict' object has no attribute '_compute_version_hash'
2026-01-24 22:32:35,896 | ERROR   | runtime:devops_assistant | reload_manager:87 | _watch_workspace | Error while watching workspace 'devops_assistant': 'dict' object has no attribute '_compute_version_hash'
2026-01-24 22:33:05,897 | ERROR   | runtime:devops_assistant | reload_manager:87 | _watch_workspace | Error while watching workspace 'devops_assistant': 'dict' object has no attribute '_compute_version_hash'
2026-01-24 22:33:35,899 | ERROR   | runtime:devops_assistant | reload_manager:87 | _watch_workspace | Error while watching workspace 'devops_assistant': 'dict' object has no attribute '_compute_version_hash'
2026-01-24 22:33:54,739 | INFO    | runtime:devops_assistant | reload_manager:84 | _watch_workspace | Stopping workspace watcher for 'devops_assistant'
2026-01-24 22:37:02,105 | INFO    | runtime:devops_assistant | reload_manager:84 | _watch_workspace | Stopping workspace watcher for 'devops_assistant'
2026-01-24 23:40:36,738 | INFO    | runtime:devops_assistant | reload_manager:84 | _watch_workspace | Stopping workspace watcher for 'devops_assistant'
2026-01-24 23:41:28,421 | ERROR   | runtime:devops_assistant | reload_manager:87 | _watch_workspace | Error while watching workspace 'devops_assistant': 'dict' object has no attribute '_compute_version_hash'
2026-01-24 23:41:53,338 | INFO    | runtime:devops_assistant | reload_manager:84 | _watch_workspace | Stopping workspace watcher for 'devops_assistant'
2026-01-24 23:43:08,153 | ERROR   | runtime:devops_assistant | reload_manager:87 | _watch_workspace | Error while watching workspace 'devops_assistant': 'dict' object has no attribute '_compute_version_hash'
2026-01-24 23:43:29,350 | INFO    | runtime:devops_assistant | reload_manager:84 | _watch_workspace | Stopping workspace watcher for 'devops_assistant'
2026-01-24 23:45:41,493 | ERROR   | runtime:devops_assistant | reload_manager:87 | _watch_workspace | Error while watching workspace 'devops_assistant': 'dict' object has no attribute '_compute_version_hash'
2026-01-24 23:46:11,495 | ERROR   | runtime:devops_assistant | reload_manager:87 | _watch_workspace | Error while watching workspace 'devops_assistant': 'dict' object has no attribute '_compute_version_hash'
2026-01-24 23:46:41,496 | ERROR   | runtime:devops_assistant | reload_manager:87 | _watch_workspace | Error while watching workspace 'devops_assistant': 'dict' object has no attribute '_compute_version_hash'
2026-01-24 23:47:11,497 | ERROR   | runtime:devops_assistant | reload_manager:87 | _watch_workspace | Error while watching workspace 'devops_assistant': 'dict' object has no attribute '_compute_version_hash'
2026-01-24 23:47:29,952 | INFO    | runtime:devops_assistant | reload_manager:84 | _watch_workspace | Stopping workspace watcher for 'devops_assistant'
2026-01-24 23:48:04,400 | ERROR   | runtime:devops_assistant | reload_manager:87 | _watch_workspace | Error while watching workspace 'devops_assistant': 'dict' object has no attribute '_compute_version_hash'
2026-01-24 23:48:30,165 | INFO    | runtime:devops_assistant | reload_manager:84 | _watch_workspace | Stopping workspace watcher for 'devops_assistant'
2026-01-24 23:51:03,317 | INFO    | runtime:devops_assistant | reload_manager:84 | _watch_workspace | Stopping workspace watcher for 'devops_assistant'
2026-01-24 23:52:19,370 | INFO    | runtime:devops_assistant | reload_manager:84 | _watch_workspace | Stopping workspace watcher for 'devops_assistant'
2026-01-25 01:25:24,022 | INFO    | runtime:devops_assistant | reload_manager:84 | _watch_workspace | Stopping workspace watcher for 'devops_assistant'
2026-01-25 08:18:17,870 | INFO    | runtime:devops_assistant | reload_manager:84 | _watch_workspace | Stopping workspace watcher for 'devops_assistant'
2026-01-25 08:22:11,301 | INFO    | runtime:devops_assistant | reload_manager:84 | _watch_workspace | Stopping workspace watcher for 'devops_assistant'
2026-01-25 08:22:30,429 | INFO    | runtime:devops_assistant | reload_manager:84 | _watch_workspace | Stopping workspace watcher for 'devops_assistant'
2026-01-25 08:22:50,826 | INFO    | runtime:devops_assistant | reload_manager:84 | _watch_workspace | Stopping workspace watcher for 'devops_assistant'
2026-01-25 08:23:51,639 | INFO    | runtime:devops_assistant | reload_manager:84 | _watch_workspace | Stopping workspace watcher for 'devops_assistant'
2026-01-25 08:25:24,069 | INFO    | runtime:devops_assistant | reload_manager:84 | _watch_workspace | Stopping workspace watcher for 'devops_assistant'
2026-01-25 08:26:29,280 | INFO    | runtime:devops_assistant | reload_manager:84 | _watch_workspace | Stopping workspace watcher for 'devops_assistant'
2026-01-25 08:28:00,569 | INFO    | runtime:devops_assistant | reload_manager:84 | _watch_workspace | Stopping workspace watcher for 'devops_assistant'
2026-01-25 08:29:28,936 | INFO    | runtime:devops_assistant | reload_manager:84 | _watch_workspace | Stopping workspace watcher for 'devops_assistant'
2026-01-25 08:30:43,636 | INFO    | runtime:devops_assistant | reload_manager:84 | _watch_workspace | Stopping workspace watcher for 'devops_assistant'
2026-01-25 08:32:22,970 | INFO    | runtime:devops_assistant | reload_manager:84 | _watch_workspace | Stopping workspace watcher for 'devops_assistant'
2026-01-25 08:32:54,994 | INFO    | runtime:devops_assistant | reload_manager:84 | _watch_workspace | Stopping workspace watcher for 'devops_assistant'
2026-01-25 08:37:51,627 | INFO    | runtime:devops_assistant | reload_manager:84 | _watch_workspace | Stopping workspace watcher for 'devops_assistant'
2026-01-25 08:39:29,854 | INFO    | runtime:devops_assistant | reload_manager:84 | _watch_workspace | Stopping workspace watcher for 'devops_assistant'
2026-01-25 08:40:59,377 | INFO    | runtime:devops_assistant | reload_manager:84 | _watch_workspace | Stopping workspace watcher for 'devops_assistant'
2026-01-25 08:41:38,961 | INFO    | runtime:devops_assistant | reload_manager:84 | _watch_workspace | Stopping workspace watcher for 'devops_assistant'
2026-01-25 08:41:51,891 | INFO    | runtime:devops_assistant | reload_manager:84 | _watch_workspace | Stopping workspace watcher for 'devops_assistant'
2026-01-25 08:42:49,269 | INFO    | runtime:devops_assistant | reload_manager:84 | _watch_workspace | Stopping workspace watcher for 'devops_assistant'
2026-01-25 08:43:45,826 | INFO    | runtime:devops_assistant | reload_manager:84 | _watch_workspace | Stopping workspace watcher for 'devops_assistant'
2026-01-25 08:46:20,934 | INFO    | runtime:devops_assistant | reload_manager:84 | _watch_workspace | Stopping workspace watcher for 'devops_assistant'
2026-01-25 08:46:48,020 | INFO    | runtime:devops_assistant | reload_manager:84 | _watch_workspace | Stopping workspace watcher for 'devops_assistant'
2026-01-25 08:47:44,249 | INFO    | runtime:devops_assistant | reload_manager:84 | _watch_workspace | Stopping workspace watcher for 'devops_assistant'
2026-01-25 08:51:15,155 | INFO    | runtime:devops_assistant | reload_manager:84 | _watch_workspace | Stopping workspace watcher for 'devops_assistant'
2026-01-25 08:52:43,452 | INFO    | runtime:devops_assistant | reload_manager:84 | _watch_workspace | Stopping workspace watcher for 'devops_assistant'
2026-01-25 08:55:09,906 | INFO    | runtime:devops_assistant | reload_manager:84 | _watch_workspace | Stopping workspace watcher for 'devops_assistant'
2026-01-25 08:55:33,592 | INFO    | runtime:devops_assistant | reload_manager:84 | _watch_workspace | Stopping workspace watcher for 'devops_assistant'
2026-01-25 08:56:06,222 | INFO    | runtime:devops_assistant | reload_manager:84 | _watch_workspace | Stopping workspace watcher for 'devops_assistant'
2026-01-25 08:56:48,915 | INFO    | runtime:devops_assistant | reload_manager:84 | _watch_workspace | Stopping workspace watcher for 'devops_assistant'
2026-01-25 08:59:17,315 | INFO    | runtime:devops_assistant | reload_manager:84 | _watch_workspace | Stopping workspace watcher for 'devops_assistant'
2026-01-25 09:02:02,026 | INFO    | runtime:devops_assistant | reload_manager:84 | _watch_workspace | Stopping workspace watcher for 'devops_assistant'
2026-01-25 09:03:16,002 | INFO    | runtime:devops_assistant | reload_manager:84 | _watch_workspace | Stopping workspace watcher for 'devops_assistant'
2026-01-25 09:03:47,377 | INFO    | runtime:devops_assistant | reload_manager:84 | _watch_workspace | Stopping workspace watcher for 'devops_assistant'
2026-01-25 09:06:14,927 | INFO    | runtime:devops_assistant | reload_manager:84 | _watch_workspace | Stopping workspace watcher for 'devops_assistant'
2026-01-25 09:11:18,176 | INFO    | runtime:devops_assistant | reload_manager:84 | _watch_workspace | Stopping workspace watcher for 'devops_assistant'
2026-01-25 09:14:22,458 | INFO    | runtime:devops_assistant | reload_manager:84 | _watch_workspace | Stopping workspace watcher for 'devops_assistant'
2026-01-25 09:17:18,427 | INFO    | runtime:devops_assistant | reload_manager:84 | _watch_workspace | Stopping workspace watcher for 'devops_assistant'
2026-01-25 09:21:56,879 | INFO    | runtime:devops_assistant | reload_manager:84 | _watch_workspace | Stopping workspace watcher for 'devops_assistant'
2026-01-25 09:22:26,044 | INFO    | runtime:devops_assistant | reload_manager:84 | _watch_workspace | Stopping workspace watcher for 'devops_assistant'
2026-01-25 09:22:50,041 | INFO    | runtime:devops_assistant | reload_manager:84 | _watch_workspace | Stopping workspace watcher for 'devops_assistant'
2026-01-25 09:23:04,238 | INFO    | runtime:devops_assistant | reload_manager:84 | _watch_workspace | Stopping workspace watcher for 'devops_assistant'
2026-01-25 09:23:27,290 | INFO    | runtime:devops_assistant | reload_manager:84 | _watch_workspace | Stopping workspace watcher for 'devops_assistant'
2026-01-25 10:31:19,131 | INFO    | runtime:devops_assistant | reload_manager:84 | _watch_workspace | Stopping workspace watcher for 'devops_assistant'
2026-01-25 10:32:55,593 | INFO    | runtime:devops_assistant | reload_manager:84 | _watch_workspace | Stopping workspace watcher for 'devops_assistant'
2026-01-25 10:40:53,029 | INFO    | runtime:devops_assistant | reload_manager:84 | _watch_workspace | Stopping workspace watcher for 'devops_assistant'
2026-01-25 10:41:09,439 | INFO    | runtime:devops_assistant | reload_manager:84 | _watch_workspace | Stopping workspace watcher for 'devops_assistant'
2026-01-25 10:41:56,567 | INFO    | runtime:devops_assistant | reload_manager:84 | _watch_workspace | Stopping workspace watcher for 'devops_assistant'
2026-01-25 10:42:32,261 | INFO    | runtime:devops_assistant | reload_manager:84 | _watch_workspace | Stopping workspace watcher for 'devops_assistant'
2026-01-25 10:46:50,041 | INFO    | runtime:devops_assistant | reload_manager:84 | _watch_workspace | Stopping workspace watcher for 'devops_assistant'
2026-01-25 10:53:28,304 | INFO    | runtime:devops_assistant | reload_manager:84 | _watch_workspace | Stopping workspace watcher for 'devops_assistant'
2026-01-25 10:56:01,330 | INFO    | runtime:devops_assistant | reload_manager:84 | _watch_workspace | Stopping workspace watcher for 'devops_assistant'
2026-01-25 10:56:37,706 | INFO    | runtime:devops_assistant | reload_manager:84 | _watch_workspace | Stopping workspace watcher for 'devops_assistant'
2026-01-25 10:58:33,828 | INFO    | runtime:devops_assistant | reload_manager:84 | _watch_workspace | Stopping workspace watcher for 'devops_assistant'
2026-01-25 11:01:41,116 | INFO    | runtime:devops_assistant | reload_manager:84 | _watch_workspace | Stopping workspace watcher for 'devops_assistant'
2026-01-25 11:03:24,742 | INFO    | runtime:devops_assistant | reload_manager:84 | _watch_workspace | Stopping workspace watcher for 'devops_assistant'
2026-01-25 11:04:52,163 | INFO    | runtime:devops_assistant | reload_manager:84 | _watch_workspace | Stopping workspace watcher for 'devops_assistant'
2026-01-25 15:51:54,560 | INFO    | runtime:devops_assistant | reload_manager:84 | _watch_workspace | Stopping workspace watcher for 'devops_assistant'
2026-01-25 15:53:23,818 | INFO    | runtime:devops_assistant | reload_manager:84 | _watch_workspace | Stopping workspace watcher for 'devops_assistant'
2026-01-25 16:43:07,177 | INFO    | runtime:devops_assistant | reload_manager:84 | _watch_workspace | Stopping workspace watcher for 'devops_assistant'
2026-01-25 16:56:43,417 | INFO    | runtime:devops_assistant | reload_manager:84 | _watch_workspace | Stopping workspace watcher for 'devops_assistant'
2026-01-25 23:53:48,450 | INFO    | runtime:devops_assistant | reload_manager:84 | _watch_workspace | Stopping workspace watcher for 'devops_assistant'
2026-01-26 00:17:40,809 | INFO    | runtime:devops_assistant | reload_manager:84 | _watch_workspace | Stopping workspace watcher for 'devops_assistant'
2026-01-26 00:19:31,987 | INFO    | runtime:devops_assistant | reload_manager:84 | _watch_workspace | Stopping workspace watcher for 'devops_assistant'
2026-01-26 00:28:17,798 | INFO    | runtime:devops_assistant | reload_manager:84 | _watch_workspace | Stopping workspace watcher for 'devops_assistant'
2026-01-26 00:33:10,111 | INFO    | runtime:devops_assistant | reload_manager:84 | _watch_workspace | Stopping workspace watcher for 'devops_assistant'
2026-01-26 00:33:57,385 | INFO    | runtime:devops_assistant | reload_manager:84 | _watch_workspace | Stopping workspace watcher for 'devops_assistant'
2026-01-26 00:39:52,610 | INFO    | runtime:devops_assistant | reload_manager:84 | _watch_workspace | Stopping workspace watcher for 'devops_assistant'
2026-01-26 00:42:40,636 | INFO    | runtime:devops_assistant | reload_manager:84 | _watch_workspace | Stopping workspace watcher for 'devops_assistant'
2026-01-26 00:51:36,731 | INFO    | runtime:devops_assistant | reload_manager:84 | _watch_workspace | Stopping workspace watcher for 'devops_assistant'
2026-01-26 00:51:51,399 | INFO    | runtime:devops_assistant | reload_manager:84 | _watch_workspace | Stopping workspace watcher for 'devops_assistant'
2026-01-26 00:52:47,340 | INFO    | runtime:devops_assistant | reload_manager:84 | _watch_workspace | Stopping workspace watcher for 'devops_assistant'
2026-01-26 00:54:03,436 | INFO    | runtime:devops_assistant | reload_manager:84 | _watch_workspace | Stopping workspace watcher for 'devops_assistant'
2026-01-26 07:01:30,620 | INFO    | runtime:devops_assistant | reload_manager:84 | _watch_workspace | Stopping workspace watcher for 'devops_assistant'
2026-01-26 07:24:48,038 | INFO    | runtime:devops_assistant | reload_manager:84 | _watch_workspace | Stopping workspace watcher for 'devops_assistant'
2026-01-26 07:28:24,686 | INFO    | runtime:devops_assistant | reload_manager:84 | _watch_workspace | Stopping workspace watcher for 'devops_assistant'
2026-01-26 07:30:21,954 | INFO    | runtime:devops_assistant | reload_manager:84 | _watch_workspace | Stopping workspace watcher for 'devops_assistant'
2026-01-26 07:34:10,302 | INFO    | runtime:devops_assistant | reload_manager:84 | _watch_workspace | Stopping workspace watcher for 'devops_assistant'
2026-01-26 07:35:27,550 | INFO    | runtime:devops_assistant | reload_manager:84 | _watch_workspace | Stopping workspace watcher for 'devops_assistant'
2026-01-26 07:45:07,269 | INFO    | runtime:devops_assistant | reload_manager:84 | _watch_workspace | Stopping workspace watcher for 'devops_assistant'
2026-01-26 08:42:23,032 | INFO    | runtime:devops_assistant | reload_manager:84 | _watch_workspace | Stopping workspace watcher for 'devops_assistant'
2026-01-26 08:43:05,187 | INFO    | runtime:devops_assistant | reload_manager:84 | _watch_workspace | Stopping workspace watcher for 'devops_assistant'
2026-01-26 08:50:07,319 | INFO    | runtime:devops_assistant | reload_manager:84 | _watch_workspace | Stopping workspace watcher for 'devops_assistant'
2026-01-26 08:51:53,370 | INFO    | runtime:devops_assistant | reload_manager:84 | _watch_workspace | Stopping workspace watcher for 'devops_assistant'
2026-01-26 08:53:03,991 | INFO    | runtime:devops_assistant | reload_manager:84 | _watch_workspace | Stopping workspace watcher for 'devops_assistant'
2026-01-26 08:54:56,962 | INFO    | runtime:devops_assistant | reload_manager:84 | _watch_workspace | Stopping workspace watcher for 'devops_assistant'
2026-01-26 09:00:40,267 | INFO    | runtime:devops_assistant | reload_manager:84 | _watch_workspace | Stopping workspace watcher for 'devops_assistant'
2026-01-26 09:02:12,907 | INFO    | runtime:devops_assistant | reload_manager:84 | _watch_workspace | Stopping workspace watcher for 'devops_assistant'
2026-01-26 09:03:29,531 | INFO    | runtime:devops_assistant | reload_manager:84 | _watch_workspace | Stopping workspace watcher for 'devops_assistant'
2026-01-26 12:13:00,460 | INFO    | runtime:devops_assistant | reload_manager:84 | _watch_workspace | Stopping workspace watcher for 'devops_assistant'
2026-01-26 12:15:49,519 | INFO    | runtime:devops_assistant | reload_manager:84 | _watch_workspace | Stopping workspace watcher for 'devops_assistant'
2026-01-26 12:21:26,217 | INFO    | runtime:devops_assistant | reload_manager:84 | _watch_workspace | Stopping workspace watcher for 'devops_assistant'
2026-01-26 12:23:45,323 | INFO    | runtime:devops_assistant | reload_manager:84 | _watch_workspace | Stopping workspace watcher for 'devops_assistant'
2026-01-26 12:25:03,973 | INFO    | runtime:devops_assistant | reload_manager:84 | _watch_workspace | Stopping workspace watcher for 'devops_assistant'
2026-01-26 12:34:17,487 | INFO    | runtime:devops_assistant | reload_manager:84 | _watch_workspace | Stopping workspace watcher for 'devops_assistant'
2026-01-26 12:36:21,206 | INFO    | runtime:devops_assistant | reload_manager:84 | _watch_workspace | Stopping workspace watcher for 'devops_assistant'
2026-01-26 12:37:26,816 | INFO    | runtime:devops_assistant | reload_manager:84 | _watch_workspace | Stopping workspace watcher for 'devops_assistant'
2026-01-26 12:43:35,343 | INFO    | runtime:devops_assistant | reload_manager:84 | _watch_workspace | Stopping workspace watcher for 'devops_assistant'
2026-01-26 12:44:57,521 | INFO    | runtime:devops_assistant | reload_manager:84 | _watch_workspace | Stopping workspace watcher for 'devops_assistant'
2026-01-26 12:46:41,144 | INFO    | runtime:devops_assistant | reload_manager:84 | _watch_workspace | Stopping workspace watcher for 'devops_assistant'
2026-01-26 12:48:38,754 | INFO    | runtime:devops_assistant | reload_manager:84 | _watch_workspace | Stopping workspace watcher for 'devops_assistant'
2026-01-26 12:52:19,900 | INFO    | runtime:devops_assistant | reload_manager:84 | _watch_workspace | Stopping workspace watcher for 'devops_assistant'
2026-01-26 12:55:07,862 | INFO    | runtime:devops_assistant | reload_manager:84 | _watch_workspace | Stopping workspace watcher for 'devops_assistant'
2026-01-26 14:36:40,091 | INFO    | runtime:devops_assistant | reload_manager:84 | _watch_workspace | Stopping workspace watcher for 'devops_assistant'
2026-01-26 14:39:27,175 | INFO    | runtime:devops_assistant | reload_manager:84 | _watch_workspace | Stopping workspace watcher for 'devops_assistant'
2026-01-26 14:40:22,520 | INFO    | runtime:devops_assistant | reload_manager:84 | _watch_workspace | Stopping workspace watcher for 'devops_assistant'
2026-01-26 15:38:47,620 | INFO    | runtime:devops_assistant | reload_manager:84 | _watch_workspace | Stopping workspace watcher for 'devops_assistant'
2026-01-26 15:39:13,674 | INFO    | runtime:devops_assistant | reload_manager:84 | _watch_workspace | Stopping workspace watcher for 'devops_assistant'
2026-01-26 15:41:42,683 | INFO    | runtime:devops_assistant | reload_manager:84 | _watch_workspace | Stopping workspace watcher for 'devops_assistant'
2026-01-26 15:41:59,109 | INFO    | runtime:devops_assistant | reload_manager:84 | _watch_workspace | Stopping workspace watcher for 'devops_assistant'
2026-01-26 15:43:37,639 | INFO    | runtime:devops_assistant | reload_manager:84 | _watch_workspace | Stopping workspace watcher for 'devops_assistant'
2026-01-26 17:59:03,757 | ERROR   | runtime:devops_assistant | reload_manager:87 | _watch_workspace | Error while watching workspace 'devops_assistant': 'dict' object has no attribute '_compute_version_hash'
2026-01-26 17:59:06,313 | INFO    | runtime:devops_assistant | reload_manager:84 | _watch_workspace | Stopping workspace watcher for 'devops_assistant'
2026-01-26 19:15:43,735 | INFO    | runtime:devops_assistant | reload_manager:84 | _watch_workspace | Stopping workspace watcher for 'devops_assistant'
2026-01-26 19:19:54,903 | INFO    | runtime:devops_assistant | reload_manager:84 | _watch_workspace | Stopping workspace watcher for 'devops_assistant'
2026-01-26 19:20:34,453 | INFO    | runtime:devops_assistant | reload_manager:84 | _watch_workspace | Stopping workspace watcher for 'devops_assistant'
2026-01-26 19:20:58,697 | INFO    | runtime:devops_assistant | reload_manager:84 | _watch_workspace | Stopping workspace watcher for 'devops_assistant'
2026-01-26 19:22:06,345 | ERROR   | runtime:devops_assistant | reload_manager:87 | _watch_workspace | Error while watching workspace 'devops_assistant': 'dict' object has no attribute '_compute_version_hash'
2026-01-26 19:22:35,649 | INFO    | runtime:devops_assistant | reload_manager:84 | _watch_workspace | Stopping workspace watcher for 'devops_assistant'
2026-01-26 19:22:56,964 | INFO    | runtime:devops_assistant | reload_manager:84 | _watch_workspace | Stopping workspace watcher for 'devops_assistant'
2026-01-26 19:26:08,176 | INFO    | runtime:devops_assistant | reload_manager:84 | _watch_workspace | Stopping workspace watcher for 'devops_assistant'
2026-01-26 19:27:14,954 | INFO    | runtime:devops_assistant | reload_manager:84 | _watch_workspace | Stopping workspace watcher for 'devops_assistant'
2026-01-26 19:28:06,913 | INFO    | runtime:devops_assistant | reload_manager:84 | _watch_workspace | Stopping workspace watcher for 'devops_assistant'
2026-01-26 19:29:04,221 | ERROR   | runtime:devops_assistant | reload_manager:87 | _watch_workspace | Error while watching workspace 'devops_assistant': 'dict' object has no attribute '_compute_version_hash'
2026-01-26 19:29:34,221 | ERROR   | runtime:devops_assistant | reload_manager:87 | _watch_workspace | Error while watching workspace 'devops_assistant': 'dict' object has no attribute '_compute_version_hash'
2026-01-26 19:29:57,205 | INFO    | runtime:devops_assistant | reload_manager:84 | _watch_workspace | Stopping workspace watcher for 'devops_assistant'
2026-01-26 19:33:53,838 | INFO    | runtime:devops_assistant | reload_manager:84 | _watch_workspace | Stopping workspace watcher for 'devops_assistant'
2026-01-26 19:36:17,035 | ERROR   | runtime:devops_assistant | reload_manager:87 | _watch_workspace | Error while watching workspace 'devops_assistant': 'dict' object has no attribute '_compute_version_hash'
2026-01-26 19:36:18,746 | INFO    | runtime:devops_assistant | reload_manager:84 | _watch_workspace | Stopping workspace watcher for 'devops_assistant'
2026-01-26 19:37:54,106 | ERROR   | runtime:devops_assistant | reload_manager:87 | _watch_workspace | Error while watching workspace 'devops_assistant': 'dict' object has no attribute '_compute_version_hash'
2026-01-26 19:38:24,106 | ERROR   | runtime:devops_assistant | reload_manager:87 | _watch_workspace | Error while watching workspace 'devops_assistant': 'dict' object has no attribute '_compute_version_hash'
2026-01-26 19:38:48,302 | INFO    | runtime:devops_assistant | reload_manager:84 | _watch_workspace | Stopping workspace watcher for 'devops_assistant'
2026-01-26 19:41:22,905 | INFO    | runtime:devops_assistant | reload_manager:84 | _watch_workspace | Stopping workspace watcher for 'devops_assistant'
2026-01-26 19:43:02,073 | ERROR   | runtime:devops_assistant | reload_manager:87 | _watch_workspace | Error while watching workspace 'devops_assistant': 'dict' object has no attribute '_compute_version_hash'
2026-01-26 19:43:32,074 | ERROR   | runtime:devops_assistant | reload_manager:87 | _watch_workspace | Error while watching workspace 'devops_assistant': 'dict' object has no attribute '_compute_version_hash'
2026-01-26 19:43:53,300 | INFO    | runtime:devops_assistant | reload_manager:84 | _watch_workspace | Stopping workspace watcher for 'devops_assistant'
2026-01-26 19:47:59,981 | INFO    | runtime:devops_assistant | reload_manager:84 | _watch_workspace | Stopping workspace watcher for 'devops_assistant'
2026-01-26 19:50:59,093 | INFO    | runtime:devops_assistant | reload_manager:84 | _watch_workspace | Stopping workspace watcher for 'devops_assistant'
2026-01-26 19:52:00,988 | INFO    | runtime:devops_assistant | reload_manager:84 | _watch_workspace | Stopping workspace watcher for 'devops_assistant'
2026-01-26 20:06:17,001 | ERROR   | runtime:devops_assistant | reload_manager:87 | _watch_workspace | Error while watching workspace 'devops_assistant': 'dict' object has no attribute '_compute_version_hash'
2026-01-26 20:06:47,002 | ERROR   | runtime:devops_assistant | reload_manager:87 | _watch_workspace | Error while watching workspace 'devops_assistant': 'dict' object has no attribute '_compute_version_hash'
2026-01-26 20:07:17,003 | ERROR   | runtime:devops_assistant | reload_manager:87 | _watch_workspace | Error while watching workspace 'devops_assistant': 'dict' object has no attribute '_compute_version_hash'
2026-01-26 20:07:29,524 | INFO    | runtime:devops_assistant | reload_manager:84 | _watch_workspace | Stopping workspace watcher for 'devops_assistant'
2026-01-26 20:08:25,510 | INFO    | runtime:devops_assistant | reload_manager:84 | _watch_workspace | Stopping workspace watcher for 'devops_assistant'
2026-01-26 20:10:15,413 | INFO    | runtime:devops_assistant | reload_manager:84 | _watch_workspace | Stopping workspace watcher for 'devops_assistant'
2026-01-26 20:17:59,336 | INFO    | runtime:devops_assistant | reload_manager:84 | _watch_workspace | Stopping workspace watcher for 'devops_assistant'
2026-01-26 20:24:32,998 | INFO    | runtime:devops_assistant | reload_manager:84 | _watch_workspace | Stopping workspace watcher for 'devops_assistant'
2026-01-26 20:25:37,459 | INFO    | runtime:devops_assistant | reload_manager:84 | _watch_workspace | Stopping workspace watcher for 'devops_assistant'
2026-01-26 20:27:09,588 | INFO    | runtime:devops_assistant | reload_manager:84 | _watch_workspace | Stopping workspace watcher for 'devops_assistant'
2026-01-26 20:31:42,626 | INFO    | runtime:devops_assistant | reload_manager:84 | _watch_workspace | Stopping workspace watcher for 'devops_assistant'
2026-01-26 20:32:05,303 | INFO    | runtime:devops_assistant | reload_manager:84 | _watch_workspace | Stopping workspace watcher for 'devops_assistant'
2026-01-26 20:32:28,718 | INFO    | runtime:devops_assistant | reload_manager:84 | _watch_workspace | Stopping workspace watcher for 'devops_assistant'
2026-01-26 20:33:46,073 | ERROR   | runtime:devops_assistant | reload_manager:87 | _watch_workspace | Error while watching workspace 'devops_assistant': 'dict' object has no attribute '_compute_version_hash'
2026-01-26 20:33:50,069 | INFO    | runtime:devops_assistant | reload_manager:84 | _watch_workspace | Stopping workspace watcher for 'devops_assistant'
2026-01-26 20:34:29,909 | ERROR   | runtime:devops_assistant | reload_manager:87 | _watch_workspace | Error while watching workspace 'devops_assistant': 'dict' object has no attribute '_compute_version_hash'
2026-01-26 20:34:59,919 | ERROR   | runtime:devops_assistant | reload_manager:87 | _watch_workspace | Error while watching workspace 'devops_assistant': 'dict' object has no attribute '_compute_version_hash'
2026-01-26 20:35:29,919 | ERROR   | runtime:devops_assistant | reload_manager:87 | _watch_workspace | Error while watching workspace 'devops_assistant': 'dict' object has no attribute '_compute_version_hash'
2026-01-26 20:35:39,466 | INFO    | runtime:devops_assistant | reload_manager:84 | _watch_workspace | Stopping workspace watcher for 'devops_assistant'
2026-01-26 20:36:43,097 | ERROR   | runtime:devops_assistant | reload_manager:87 | _watch_workspace | Error while watching workspace 'devops_assistant': 'dict' object has no attribute '_compute_version_hash'
2026-01-26 20:37:03,273 | INFO    | runtime:devops_assistant | reload_manager:84 | _watch_workspace | Stopping workspace watcher for 'devops_assistant'
2026-01-26 20:38:10,739 | ERROR   | runtime:devops_assistant | reload_manager:87 | _watch_workspace | Error while watching workspace 'devops_assistant': 'dict' object has no attribute '_compute_version_hash'
2026-01-26 20:38:36,811 | INFO    | runtime:devops_assistant | reload_manager:84 | _watch_workspace | Stopping workspace watcher for 'devops_assistant'
2026-01-26 20:43:14,724 | ERROR   | runtime:devops_assistant | reload_manager:87 | _watch_workspace | Error while watching workspace 'devops_assistant': 'dict' object has no attribute '_compute_version_hash'
2026-01-26 20:43:19,827 | INFO    | runtime:devops_assistant | reload_manager:84 | _watch_workspace | Stopping workspace watcher for 'devops_assistant'
2026-01-26 20:43:34,724 | INFO    | runtime:devops_assistant | reload_manager:84 | _watch_workspace | Stopping workspace watcher for 'devops_assistant'
2026-01-26 20:46:07,118 | INFO    | runtime:devops_assistant | reload_manager:84 | _watch_workspace | Stopping workspace watcher for 'devops_assistant'
2026-01-26 20:50:47,762 | INFO    | runtime:devops_assistant | reload_manager:84 | _watch_workspace | Stopping workspace watcher for 'devops_assistant'
2026-01-26 20:55:02,431 | INFO    | runtime:devops_assistant | reload_manager:84 | _watch_workspace | Stopping workspace watcher for 'devops_assistant'
2026-01-26 20:57:56,569 | INFO    | runtime:devops_assistant | reload_manager:84 | _watch_workspace | Stopping workspace watcher for 'devops_assistant'
2026-01-26 20:58:20,935 | INFO    | runtime:devops_assistant | reload_manager:84 | _watch_workspace | Stopping workspace watcher for 'devops_assistant'
2026-01-26 20:59:14,131 | INFO    | runtime:devops_assistant | reload_manager:84 | _watch_workspace | Stopping workspace watcher for 'devops_assistant'
2026-01-26 21:00:17,347 | INFO    | runtime:devops_assistant | reload_manager:84 | _watch_workspace | Stopping workspace watcher for 'devops_assistant'
2026-01-26 21:00:58,508 | INFO    | runtime:devops_assistant | reload_manager:84 | _watch_workspace | Stopping workspace watcher for 'devops_assistant'
2026-01-26 21:02:04,476 | ERROR   | runtime:devops_assistant | reload_manager:87 | _watch_workspace | Error while watching workspace 'devops_assistant': 'dict' object has no attribute '_compute_version_hash'
2026-01-26 21:02:34,476 | ERROR   | runtime:devops_assistant | reload_manager:87 | _watch_workspace | Error while watching workspace 'devops_assistant': 'dict' object has no attribute '_compute_version_hash'
2026-01-26 21:02:41,395 | INFO    | runtime:devops_assistant | reload_manager:84 | _watch_workspace | Stopping workspace watcher for 'devops_assistant'
2026-01-26 21:02:50,994 | INFO    | runtime:devops_assistant | reload_manager:84 | _watch_workspace | Stopping workspace watcher for 'devops_assistant'
2026-01-26 21:04:02,430 | INFO    | runtime:devops_assistant | reload_manager:84 | _watch_workspace | Stopping workspace watcher for 'devops_assistant'
2026-01-26 21:30:32,445 | INFO    | runtime:devops_assistant | reload_manager:84 | _watch_workspace | Stopping workspace watcher for 'devops_assistant'
2026-01-26 21:33:19,899 | ERROR   | runtime:devops_assistant | reload_manager:87 | _watch_workspace | Error while watching workspace 'devops_assistant': 'dict' object has no attribute '_compute_version_hash'
2026-01-26 21:33:49,899 | ERROR   | runtime:devops_assistant | reload_manager:87 | _watch_workspace | Error while watching workspace 'devops_assistant': 'dict' object has no attribute '_compute_version_hash'
2026-01-26 21:34:16,101 | INFO    | runtime:devops_assistant | reload_manager:84 | _watch_workspace | Stopping workspace watcher for 'devops_assistant'
2026-01-26 21:41:21,089 | ERROR   | runtime:devops_assistant | reload_manager:87 | _watch_workspace | Error while watching workspace 'devops_assistant': 'dict' object has no attribute '_compute_version_hash'
2026-01-26 21:41:51,088 | ERROR   | runtime:devops_assistant | reload_manager:87 | _watch_workspace | Error while watching workspace 'devops_assistant': 'dict' object has no attribute '_compute_version_hash'
2026-01-26 21:42:21,088 | ERROR   | runtime:devops_assistant | reload_manager:87 | _watch_workspace | Error while watching workspace 'devops_assistant': 'dict' object has no attribute '_compute_version_hash'
2026-01-26 21:42:51,088 | ERROR   | runtime:devops_assistant | reload_manager:87 | _watch_workspace | Error while watching workspace 'devops_assistant': 'dict' object has no attribute '_compute_version_hash'
2026-01-26 21:43:21,088 | ERROR   | runtime:devops_assistant | reload_manager:87 | _watch_workspace | Error while watching workspace 'devops_assistant': 'dict' object has no attribute '_compute_version_hash'
2026-01-26 21:43:34,749 | INFO    | runtime:devops_assistant | reload_manager:84 | _watch_workspace | Stopping workspace watcher for 'devops_assistant'
2026-01-26 21:44:02,222 | INFO    | runtime:devops_assistant | reload_manager:84 | _watch_workspace | Stopping workspace watcher for 'devops_assistant'
2026-01-26 23:40:27,549 | ERROR   | runtime:devops_assistant | reload_manager:87 | _watch_workspace | Error while watching workspace 'devops_assistant': 'dict' object has no attribute '_compute_version_hash'
2026-01-26 23:40:57,572 | ERROR   | runtime:devops_assistant | reload_manager:87 | _watch_workspace | Error while watching workspace 'devops_assistant': 'dict' object has no attribute '_compute_version_hash'
2026-01-26 23:41:15,368 | INFO    | runtime:devops_assistant | reload_manager:84 | _watch_workspace | Stopping workspace watcher for 'devops_assistant'
2026-01-26 23:41:49,088 | ERROR   | runtime:devops_assistant | reload_manager:87 | _watch_workspace | Error while watching workspace 'devops_assistant': 'dict' object has no attribute '_compute_version_hash'
2026-01-26 23:42:19,087 | ERROR   | runtime:devops_assistant | reload_manager:87 | _watch_workspace | Error while watching workspace 'devops_assistant': 'dict' object has no attribute '_compute_version_hash'
2026-01-26 23:42:49,087 | ERROR   | runtime:devops_assistant | reload_manager:87 | _watch_workspace | Error while watching workspace 'devops_assistant': 'dict' object has no attribute '_compute_version_hash'
2026-01-26 23:43:19,086 | ERROR   | runtime:devops_assistant | reload_manager:87 | _watch_workspace | Error while watching workspace 'devops_assistant': 'dict' object has no attribute '_compute_version_hash'
2026-01-26 23:43:28,614 | INFO    | runtime:devops_assistant | reload_manager:84 | _watch_workspace | Stopping workspace watcher for 'devops_assistant'
2026-01-26 23:47:48,454 | ERROR   | runtime:devops_assistant | reload_manager:87 | _watch_workspace | Error while watching workspace 'devops_assistant': 'dict' object has no attribute '_compute_version_hash'
2026-01-26 23:48:18,453 | ERROR   | runtime:devops_assistant | reload_manager:87 | _watch_workspace | Error while watching workspace 'devops_assistant': 'dict' object has no attribute '_compute_version_hash'
2026-01-26 23:48:48,453 | ERROR   | runtime:devops_assistant | reload_manager:87 | _watch_workspace | Error while watching workspace 'devops_assistant': 'dict' object has no attribute '_compute_version_hash'
2026-01-26 23:49:18,453 | ERROR   | runtime:devops_assistant | reload_manager:87 | _watch_workspace | Error while watching workspace 'devops_assistant': 'dict' object has no attribute '_compute_version_hash'
2026-01-26 23:49:48,452 | ERROR   | runtime:devops_assistant | reload_manager:87 | _watch_workspace | Error while watching workspace 'devops_assistant': 'dict' object has no attribute '_compute_version_hash'
2026-01-26 23:50:04,481 | INFO    | runtime:devops_assistant | reload_manager:84 | _watch_workspace | Stopping workspace watcher for 'devops_assistant'
2026-01-26 23:50:38,636 | ERROR   | runtime:devops_assistant | reload_manager:87 | _watch_workspace | Error while watching workspace 'devops_assistant': 'dict' object has no attribute '_compute_version_hash'
2026-01-26 23:51:08,636 | ERROR   | runtime:devops_assistant | reload_manager:87 | _watch_workspace | Error while watching workspace 'devops_assistant': 'dict' object has no attribute '_compute_version_hash'
2026-01-26 23:51:38,635 | ERROR   | runtime:devops_assistant | reload_manager:87 | _watch_workspace | Error while watching workspace 'devops_assistant': 'dict' object has no attribute '_compute_version_hash'
2026-01-26 23:52:08,636 | ERROR   | runtime:devops_assistant | reload_manager:87 | _watch_workspace | Error while watching workspace 'devops_assistant': 'dict' object has no attribute '_compute_version_hash'
2026-01-26 23:52:38,636 | ERROR   | runtime:devops_assistant | reload_manager:87 | _watch_workspace | Error while watching workspace 'devops_assistant': 'dict' object has no attribute '_compute_version_hash'
2026-01-26 23:52:56,619 | INFO    | runtime:devops_assistant | reload_manager:84 | _watch_workspace | Stopping workspace watcher for 'devops_assistant'
2026-01-26 23:53:05,779 | INFO    | runtime:devops_assistant | reload_manager:84 | _watch_workspace | Stopping workspace watcher for 'devops_assistant'
2026-01-26 23:54:08,110 | ERROR   | runtime:devops_assistant | reload_manager:87 | _watch_workspace | Error while watching workspace 'devops_assistant': 'dict' object has no attribute '_compute_version_hash'
2026-01-26 23:54:38,109 | ERROR   | runtime:devops_assistant | reload_manager:87 | _watch_workspace | Error while watching workspace 'devops_assistant': 'dict' object has no attribute '_compute_version_hash'
2026-01-26 23:55:01,337 | INFO    | runtime:devops_assistant | reload_manager:84 | _watch_workspace | Stopping workspace watcher for 'devops_assistant'
2026-01-26 23:55:35,327 | ERROR   | runtime:devops_assistant | reload_manager:87 | _watch_workspace | Error while watching workspace 'devops_assistant': 'dict' object has no attribute '_compute_version_hash'
2026-01-26 23:55:53,100 | INFO    | runtime:devops_assistant | reload_manager:84 | _watch_workspace | Stopping workspace watcher for 'devops_assistant'
2026-01-27 00:21:45,124 | INFO    | runtime:devops_assistant | reload_manager:84 | _watch_workspace | Stopping workspace watcher for 'devops_assistant'
2026-01-27 00:22:50,137 | ERROR   | runtime:devops_assistant | reload_manager:87 | _watch_workspace | Error while watching workspace 'devops_assistant': 'dict' object has no attribute '_compute_version_hash'
2026-01-27 00:23:20,138 | ERROR   | runtime:devops_assistant | reload_manager:87 | _watch_workspace | Error while watching workspace 'devops_assistant': 'dict' object has no attribute '_compute_version_hash'
2026-01-27 00:23:33,133 | INFO    | runtime:devops_assistant | reload_manager:84 | _watch_workspace | Stopping workspace watcher for 'devops_assistant'
2026-01-27 00:24:07,312 | ERROR   | runtime:devops_assistant | reload_manager:87 | _watch_workspace | Error while watching workspace 'devops_assistant': 'dict' object has no attribute '_compute_version_hash'
2026-01-27 00:24:37,312 | ERROR   | runtime:devops_assistant | reload_manager:87 | _watch_workspace | Error while watching workspace 'devops_assistant': 'dict' object has no attribute '_compute_version_hash'
2026-01-27 00:25:07,311 | ERROR   | runtime:devops_assistant | reload_manager:87 | _watch_workspace | Error while watching workspace 'devops_assistant': 'dict' object has no attribute '_compute_version_hash'
2026-01-27 00:25:37,311 | ERROR   | runtime:devops_assistant | reload_manager:87 | _watch_workspace | Error while watching workspace 'devops_assistant': 'dict' object has no attribute '_compute_version_hash'
2026-01-27 00:25:52,715 | INFO    | runtime:devops_assistant | reload_manager:84 | _watch_workspace | Stopping workspace watcher for 'devops_assistant'
2026-01-27 12:42:40,671 | INFO    | runtime:devops_assistant | reload_manager:84 | _watch_workspace | Stopping workspace watcher for 'devops_assistant'
2026-01-27 12:49:57,464 | INFO    | runtime:devops_assistant | reload_manager:84 | _watch_workspace | Stopping workspace watcher for 'devops_assistant'
2026-01-27 12:50:48,289 | INFO    | runtime:devops_assistant | reload_manager:84 | _watch_workspace | Stopping workspace watcher for 'devops_assistant'
2026-01-27 12:51:14,298 | INFO    | runtime:devops_assistant | reload_manager:84 | _watch_workspace | Stopping workspace watcher for 'devops_assistant'
2026-01-27 12:52:34,197 | INFO    | runtime:devops_assistant | reload_manager:84 | _watch_workspace | Stopping workspace watcher for 'devops_assistant'
2026-01-27 12:54:13,052 | INFO    | runtime:devops_assistant | reload_manager:84 | _watch_workspace | Stopping workspace watcher for 'devops_assistant'
2026-01-27 12:54:37,025 | INFO    | runtime:devops_assistant | reload_manager:84 | _watch_workspace | Stopping workspace watcher for 'devops_assistant'
2026-01-27 12:56:03,186 | INFO    | runtime:devops_assistant | reload_manager:84 | _watch_workspace | Stopping workspace watcher for 'devops_assistant'
2026-01-27 12:57:56,814 | INFO    | runtime:devops_assistant | reload_manager:84 | _watch_workspace | Stopping workspace watcher for 'devops_assistant'
2026-01-27 12:59:19,415 | INFO    | runtime:devops_assistant | reload_manager:84 | _watch_workspace | Stopping workspace watcher for 'devops_assistant'
2026-01-27 12:59:40,836 | INFO    | runtime:devops_assistant | reload_manager:84 | _watch_workspace | Stopping workspace watcher for 'devops_assistant'
2026-01-27 13:00:20,804 | INFO    | runtime:devops_assistant | reload_manager:84 | _watch_workspace | Stopping workspace watcher for 'devops_assistant'
2026-01-27 15:01:09,521 | ERROR   | runtime:devops_assistant | reload_manager:87 | _watch_workspace | Error while watching workspace 'devops_assistant': 'dict' object has no attribute '_compute_version_hash'
2026-01-27 15:01:39,522 | ERROR   | runtime:devops_assistant | reload_manager:87 | _watch_workspace | Error while watching workspace 'devops_assistant': 'dict' object has no attribute '_compute_version_hash'
2026-01-27 15:02:03,726 | INFO    | runtime:devops_assistant | reload_manager:84 | _watch_workspace | Stopping workspace watcher for 'devops_assistant'
2026-01-27 15:04:11,955 | ERROR   | runtime:devops_assistant | reload_manager:87 | _watch_workspace | Error while watching workspace 'devops_assistant': 'dict' object has no attribute '_compute_version_hash'
2026-01-27 15:04:41,956 | ERROR   | runtime:devops_assistant | reload_manager:87 | _watch_workspace | Error while watching workspace 'devops_assistant': 'dict' object has no attribute '_compute_version_hash'
2026-01-27 15:05:11,957 | ERROR   | runtime:devops_assistant | reload_manager:87 | _watch_workspace | Error while watching workspace 'devops_assistant': 'dict' object has no attribute '_compute_version_hash'
2026-01-27 15:05:41,957 | ERROR   | runtime:devops_assistant | reload_manager:87 | _watch_workspace | Error while watching workspace 'devops_assistant': 'dict' object has no attribute '_compute_version_hash'
2026-01-27 15:06:11,958 | ERROR   | runtime:devops_assistant | reload_manager:87 | _watch_workspace | Error while watching workspace 'devops_assistant': 'dict' object has no attribute '_compute_version_hash'
2026-01-27 15:06:41,958 | ERROR   | runtime:devops_assistant | reload_manager:87 | _watch_workspace | Error while watching workspace 'devops_assistant': 'dict' object has no attribute '_compute_version_hash'
2026-01-27 15:07:11,958 | ERROR   | runtime:devops_assistant | reload_manager:87 | _watch_workspace | Error while watching workspace 'devops_assistant': 'dict' object has no attribute '_compute_version_hash'
2026-01-27 15:07:41,959 | ERROR   | runtime:devops_assistant | reload_manager:87 | _watch_workspace | Error while watching workspace 'devops_assistant': 'dict' object has no attribute '_compute_version_hash'
2026-01-27 15:07:48,145 | INFO    | runtime:devops_assistant | reload_manager:84 | _watch_workspace | Stopping workspace watcher for 'devops_assistant'
2026-01-27 15:08:19,120 | INFO    | runtime:devops_assistant | reload_manager:84 | _watch_workspace | Stopping workspace watcher for 'devops_assistant'
2026-01-27 15:09:04,865 | INFO    | runtime:devops_assistant | reload_manager:84 | _watch_workspace | Stopping workspace watcher for 'devops_assistant'
2026-01-27 15:10:52,286 | ERROR   | runtime:devops_assistant | reload_manager:87 | _watch_workspace | Error while watching workspace 'devops_assistant': 'dict' object has no attribute '_compute_version_hash'
2026-01-27 15:11:22,287 | ERROR   | runtime:devops_assistant | reload_manager:87 | _watch_workspace | Error while watching workspace 'devops_assistant': 'dict' object has no attribute '_compute_version_hash'
2026-01-27 15:11:52,287 | ERROR   | runtime:devops_assistant | reload_manager:87 | _watch_workspace | Error while watching workspace 'devops_assistant': 'dict' object has no attribute '_compute_version_hash'
2026-01-27 15:12:15,078 | INFO    | runtime:devops_assistant | reload_manager:84 | _watch_workspace | Stopping workspace watcher for 'devops_assistant'
2026-01-27 15:15:07,009 | ERROR   | runtime:devops_assistant | reload_manager:87 | _watch_workspace | Error while watching workspace 'devops_assistant': 'dict' object has no attribute '_compute_version_hash'
2026-01-27 15:15:37,009 | ERROR   | runtime:devops_assistant | reload_manager:87 | _watch_workspace | Error while watching workspace 'devops_assistant': 'dict' object has no attribute '_compute_version_hash'
2026-01-27 15:16:07,010 | ERROR   | runtime:devops_assistant | reload_manager:87 | _watch_workspace | Error while watching workspace 'devops_assistant': 'dict' object has no attribute '_compute_version_hash'
2026-01-27 15:16:37,010 | ERROR   | runtime:devops_assistant | reload_manager:87 | _watch_workspace | Error while watching workspace 'devops_assistant': 'dict' object has no attribute '_compute_version_hash'
2026-01-27 15:16:39,213 | INFO    | runtime:devops_assistant | reload_manager:84 | _watch_workspace | Stopping workspace watcher for 'devops_assistant'
2026-01-27 18:19:12,353 | INFO    | runtime:devops_assistant | reload_manager:84 | _watch_workspace | Stopping workspace watcher for 'devops_assistant'
2026-01-27 18:19:40,334 | INFO    | runtime:devops_assistant | reload_manager:84 | _watch_workspace | Stopping workspace watcher for 'devops_assistant'
2026-01-27 18:20:54,220 | INFO    | runtime:devops_assistant | reload_manager:84 | _watch_workspace | Stopping workspace watcher for 'devops_assistant'
2026-01-27 18:21:40,358 | INFO    | runtime:devops_assistant | reload_manager:84 | _watch_workspace | Stopping workspace watcher for 'devops_assistant'
2026-01-27 18:22:21,855 | INFO    | runtime:devops_assistant | reload_manager:84 | _watch_workspace | Stopping workspace watcher for 'devops_assistant'
2026-01-27 18:24:13,634 | INFO    | runtime:devops_assistant | reload_manager:84 | _watch_workspace | Stopping workspace watcher for 'devops_assistant'
2026-01-27 18:24:41,143 | INFO    | runtime:devops_assistant | reload_manager:84 | _watch_workspace | Stopping workspace watcher for 'devops_assistant'
2026-01-27 18:25:19,379 | INFO    | runtime:devops_assistant | reload_manager:84 | _watch_workspace | Stopping workspace watcher for 'devops_assistant'
2026-01-27 18:28:11,665 | INFO    | runtime:devops_assistant | reload_manager:84 | _watch_workspace | Stopping workspace watcher for 'devops_assistant'
2026-01-27 18:36:08,240 | INFO    | runtime:devops_assistant | reload_manager:84 | _watch_workspace | Stopping workspace watcher for 'devops_assistant'
2026-01-27 18:36:45,628 | INFO    | runtime:devops_assistant | reload_manager:84 | _watch_workspace | Stopping workspace watcher for 'devops_assistant'
2026-01-27 18:37:49,663 | INFO    | runtime:devops_assistant | reload_manager:84 | _watch_workspace | Stopping workspace watcher for 'devops_assistant'
2026-01-27 18:39:57,669 | INFO    | runtime:devops_assistant | reload_manager:84 | _watch_workspace | Stopping workspace watcher for 'devops_assistant'
2026-01-27 18:40:48,439 | INFO    | runtime:devops_assistant | reload_manager:84 | _watch_workspace | Stopping workspace watcher for 'devops_assistant'
2026-01-27 18:41:22,564 | INFO    | runtime:devops_assistant | reload_manager:84 | _watch_workspace | Stopping workspace watcher for 'devops_assistant'
2026-01-27 18:43:25,544 | INFO    | runtime:devops_assistant | reload_manager:84 | _watch_workspace | Stopping workspace watcher for 'devops_assistant'
2026-01-27 18:43:43,115 | INFO    | runtime:devops_assistant | reload_manager:84 | _watch_workspace | Stopping workspace watcher for 'devops_assistant'
2026-01-27 18:43:55,080 | INFO    | runtime:devops_assistant | reload_manager:84 | _watch_workspace | Stopping workspace watcher for 'devops_assistant'
2026-01-27 18:44:50,072 | INFO    | runtime:devops_assistant | reload_manager:84 | _watch_workspace | Stopping workspace watcher for 'devops_assistant'
2026-01-27 18:44:57,921 | INFO    | runtime:devops_assistant | reload_manager:84 | _watch_workspace | Stopping workspace watcher for 'devops_assistant'
2026-01-27 18:45:06,443 | INFO    | runtime:devops_assistant | reload_manager:84 | _watch_workspace | Stopping workspace watcher for 'devops_assistant'
2026-01-27 18:46:07,911 | INFO    | runtime:devops_assistant | reload_manager:84 | _watch_workspace | Stopping workspace watcher for 'devops_assistant'
2026-01-27 18:46:47,857 | INFO    | runtime:devops_assistant | reload_manager:84 | _watch_workspace | Stopping workspace watcher for 'devops_assistant'
2026-01-27 18:49:36,715 | INFO    | runtime:devops_assistant | reload_manager:84 | _watch_workspace | Stopping workspace watcher for 'devops_assistant'
2026-01-27 19:00:14,366 | INFO    | runtime:devops_assistant | reload_manager:84 | _watch_workspace | Stopping workspace watcher for 'devops_assistant'
2026-01-27 19:02:18,731 | INFO    | runtime:devops_assistant | reload_manager:84 | _watch_workspace | Stopping workspace watcher for 'devops_assistant'
2026-01-27 19:04:34,491 | INFO    | runtime:devops_assistant | reload_manager:84 | _watch_workspace | Stopping workspace watcher for 'devops_assistant'
2026-01-27 19:05:03,798 | INFO    | runtime:devops_assistant | reload_manager:84 | _watch_workspace | Stopping workspace watcher for 'devops_assistant'
2026-01-27 19:05:13,328 | INFO    | runtime:devops_assistant | reload_manager:84 | _watch_workspace | Stopping workspace watcher for 'devops_assistant'
2026-01-27 19:05:57,016 | ERROR   | runtime:devops_assistant | reload_manager:87 | _watch_workspace | Error while watching workspace 'devops_assistant': 'dict' object has no attribute '_compute_version_hash'
2026-01-27 21:47:04,191 | INFO    | runtime:devops_assistant | reload_manager:84 | _watch_workspace | Stopping workspace watcher for 'devops_assistant'
2026-01-27 21:48:50,394 | ERROR   | runtime:devops_assistant | reload_manager:87 | _watch_workspace | Error while watching workspace 'devops_assistant': 'dict' object has no attribute '_compute_version_hash'
2026-01-27 21:51:21,406 | ERROR   | runtime:devops_assistant | reload_manager:87 | _watch_workspace | Error while watching workspace 'devops_assistant': 'dict' object has no attribute '_compute_version_hash'
2026-01-27 21:51:23,184 | INFO    | runtime:devops_assistant | reload_manager:84 | _watch_workspace | Stopping workspace watcher for 'devops_assistant'
2026-01-27 21:51:32,524 | INFO    | runtime:devops_assistant | reload_manager:84 | _watch_workspace | Stopping workspace watcher for 'devops_assistant'
2026-01-27 21:52:40,215 | ERROR   | runtime:devops_assistant | reload_manager:87 | _watch_workspace | Error while watching workspace 'devops_assistant': 'dict' object has no attribute '_compute_version_hash'
2026-01-27 21:53:38,986 | INFO    | runtime:devops_assistant | reload_manager:84 | _watch_workspace | Stopping workspace watcher for 'devops_assistant'
2026-01-27 21:53:45,660 | INFO    | runtime:devops_assistant | reload_manager:84 | _watch_workspace | Stopping workspace watcher for 'devops_assistant'
2026-01-27 21:54:42,449 | INFO    | runtime:devops_assistant | reload_manager:84 | _watch_workspace | Stopping workspace watcher for 'devops_assistant'
2026-01-27 21:55:53,753 | INFO    | runtime:devops_assistant | reload_manager:84 | _watch_workspace | Stopping workspace watcher for 'devops_assistant'
2026-01-27 22:06:52,751 | INFO    | runtime:devops_assistant | reload_manager:84 | _watch_workspace | Stopping workspace watcher for 'devops_assistant'
2026-01-27 22:07:34,197 | INFO    | runtime:devops_assistant | reload_manager:84 | _watch_workspace | Stopping workspace watcher for 'devops_assistant'
2026-01-27 22:10:08,101 | INFO    | runtime:devops_assistant | reload_manager:84 | _watch_workspace | Stopping workspace watcher for 'devops_assistant'
2026-01-27 22:14:06,618 | INFO    | runtime:devops_assistant | reload_manager:84 | _watch_workspace | Stopping workspace watcher for 'devops_assistant'
2026-01-27 22:14:14,262 | INFO    | runtime:devops_assistant | reload_manager:84 | _watch_workspace | Stopping workspace watcher for 'devops_assistant'
2026-01-27 22:16:14,647 | INFO    | runtime:devops_assistant | reload_manager:84 | _watch_workspace | Stopping workspace watcher for 'devops_assistant'
2026-01-27 22:16:47,453 | INFO    | runtime:devops_assistant | reload_manager:84 | _watch_workspace | Stopping workspace watcher for 'devops_assistant'
2026-01-27 22:19:11,929 | INFO    | runtime:devops_assistant | reload_manager:84 | _watch_workspace | Stopping workspace watcher for 'devops_assistant'
2026-01-27 22:19:48,392 | INFO    | runtime:devops_assistant | reload_manager:84 | _watch_workspace | Stopping workspace watcher for 'devops_assistant'
2026-01-27 22:22:48,002 | INFO    | runtime:devops_assistant | reload_manager:84 | _watch_workspace | Stopping workspace watcher for 'devops_assistant'
2026-01-27 22:23:17,311 | INFO    | runtime:devops_assistant | reload_manager:84 | _watch_workspace | Stopping workspace watcher for 'devops_assistant'
2026-01-27 22:25:28,983 | INFO    | runtime:devops_assistant | reload_manager:84 | _watch_workspace | Stopping workspace watcher for 'devops_assistant'
2026-01-27 22:26:01,463 | INFO    | runtime:devops_assistant | reload_manager:84 | _watch_workspace | Stopping workspace watcher for 'devops_assistant'
2026-01-27 22:26:06,672 | INFO    | runtime:devops_assistant | reload_manager:84 | _watch_workspace | Stopping workspace watcher for 'devops_assistant'
2026-01-27 22:28:14,351 | INFO    | runtime:devops_assistant | reload_manager:84 | _watch_workspace | Stopping workspace watcher for 'devops_assistant'
2026-01-27 22:30:34,327 | INFO    | runtime:devops_assistant | reload_manager:84 | _watch_workspace | Stopping workspace watcher for 'devops_assistant'
2026-01-27 22:30:52,114 | INFO    | runtime:devops_assistant | reload_manager:84 | _watch_workspace | Stopping workspace watcher for 'devops_assistant'
2026-01-27 22:35:39,898 | ERROR   | runtime:devops_assistant | reload_manager:87 | _watch_workspace | Error while watching workspace 'devops_assistant': 'dict' object has no attribute '_compute_version_hash'
2026-01-27 22:35:40,448 | INFO    | runtime:devops_assistant | reload_manager:84 | _watch_workspace | Stopping workspace watcher for 'devops_assistant'
2026-01-27 22:36:53,710 | INFO    | runtime:devops_assistant | reload_manager:84 | _watch_workspace | Stopping workspace watcher for 'devops_assistant'
2026-01-27 22:36:59,379 | INFO    | runtime:devops_assistant | reload_manager:84 | _watch_workspace | Stopping workspace watcher for 'devops_assistant'
2026-01-27 22:37:09,396 | INFO    | runtime:devops_assistant | reload_manager:84 | _watch_workspace | Stopping workspace watcher for 'devops_assistant'
2026-01-27 22:39:30,077 | INFO    | runtime:devops_assistant | reload_manager:84 | _watch_workspace | Stopping workspace watcher for 'devops_assistant'
2026-01-27 22:41:46,994 | INFO    | runtime:devops_assistant | reload_manager:84 | _watch_workspace | Stopping workspace watcher for 'devops_assistant'
2026-01-27 22:41:54,896 | INFO    | runtime:devops_assistant | reload_manager:84 | _watch_workspace | Stopping workspace watcher for 'devops_assistant'
2026-01-27 22:42:04,299 | INFO    | runtime:devops_assistant | reload_manager:84 | _watch_workspace | Stopping workspace watcher for 'devops_assistant'
2026-01-27 22:45:33,268 | INFO    | runtime:devops_assistant | reload_manager:84 | _watch_workspace | Stopping workspace watcher for 'devops_assistant'
2026-01-27 22:48:03,047 | INFO    | runtime:devops_assistant | reload_manager:84 | _watch_workspace | Stopping workspace watcher for 'devops_assistant'
2026-01-27 22:48:08,786 | INFO    | runtime:devops_assistant | reload_manager:84 | _watch_workspace | Stopping workspace watcher for 'devops_assistant'
2026-01-27 22:51:32,437 | INFO    | runtime:devops_assistant | reload_manager:84 | _watch_workspace | Stopping workspace watcher for 'devops_assistant'
2026-01-27 22:51:39,513 | INFO    | runtime:devops_assistant | reload_manager:84 | _watch_workspace | Stopping workspace watcher for 'devops_assistant'
2026-01-27 22:53:30,679 | INFO    | runtime:devops_assistant | reload_manager:84 | _watch_workspace | Stopping workspace watcher for 'devops_assistant'
2026-01-27 22:55:28,862 | INFO    | runtime:devops_assistant | reload_manager:84 | _watch_workspace | Stopping workspace watcher for 'devops_assistant'
2026-01-27 22:55:34,439 | INFO    | runtime:devops_assistant | reload_manager:84 | _watch_workspace | Stopping workspace watcher for 'devops_assistant'
2026-01-27 22:58:04,331 | ERROR   | runtime:devops_assistant | reload_manager:87 | _watch_workspace | Error while watching workspace 'devops_assistant': 'dict' object has no attribute '_compute_version_hash'
2026-01-28 19:59:45,521 | ERROR   | runtime:devops_assistant | reload_manager:87 | _watch_workspace | Error while watching workspace 'devops_assistant': 'dict' object has no attribute '_compute_version_hash'
2026-01-29 00:03:31,160 | INFO    | runtime:devops_assistant | reload_manager:84 | _watch_workspace | Stopping workspace watcher for 'devops_assistant'
2026-01-29 00:26:44,485 | INFO    | runtime:devops_assistant | reload_manager:84 | _watch_workspace | Stopping workspace watcher for 'devops_assistant'
2026-01-29 00:34:48,037 | INFO    | runtime:devops_assistant | reload_manager:84 | _watch_workspace | Stopping workspace watcher for 'devops_assistant'
2026-01-29 00:35:08,008 | INFO    | runtime:devops_assistant | reload_manager:84 | _watch_workspace | Stopping workspace watcher for 'devops_assistant'
2026-01-29 00:35:18,916 | INFO    | runtime:devops_assistant | reload_manager:84 | _watch_workspace | Stopping workspace watcher for 'devops_assistant'
2026-01-29 07:22:13,134 | INFO    | runtime:devops_assistant | reload_manager:84 | _watch_workspace | Stopping workspace watcher for 'devops_assistant'
2026-01-29 07:38:29,460 | INFO    | runtime:devops_assistant | reload_manager:84 | _watch_workspace | Stopping workspace watcher for 'devops_assistant'
2026-01-29 07:39:31,520 | INFO    | runtime:devops_assistant | reload_manager:84 | _watch_workspace | Stopping workspace watcher for 'devops_assistant'
2026-01-29 07:46:43,082 | INFO    | runtime:devops_assistant | reload_manager:84 | _watch_workspace | Stopping workspace watcher for 'devops_assistant'
2026-01-29 07:47:19,673 | INFO    | runtime:devops_assistant | reload_manager:84 | _watch_workspace | Stopping workspace watcher for 'devops_assistant'
2026-01-29 07:49:24,653 | INFO    | runtime:devops_assistant | reload_manager:84 | _watch_workspace | Stopping workspace watcher for 'devops_assistant'
2026-01-29 07:55:50,471 | INFO    | runtime:devops_assistant | reload_manager:84 | _watch_workspace | Stopping workspace watcher for 'devops_assistant'
2026-01-29 08:00:05,828 | INFO    | runtime:devops_assistant | reload_manager:84 | _watch_workspace | Stopping workspace watcher for 'devops_assistant'
2026-01-29 08:03:58,782 | INFO    | runtime:devops_assistant | reload_manager:84 | _watch_workspace | Stopping workspace watcher for 'devops_assistant'
2026-01-29 08:06:57,360 | ERROR   | runtime:devops_assistant | reload_manager:87 | _watch_workspace | Error while watching workspace 'devops_assistant': 'dict' object has no attribute '_compute_version_hash'
2026-01-29 08:07:27,360 | ERROR   | runtime:devops_assistant | reload_manager:87 | _watch_workspace | Error while watching workspace 'devops_assistant': 'dict' object has no attribute '_compute_version_hash'
2026-01-29 08:07:50,981 | INFO    | runtime:devops_assistant | reload_manager:84 | _watch_workspace | Stopping workspace watcher for 'devops_assistant'
2026-01-29 08:09:33,972 | INFO    | runtime:devops_assistant | reload_manager:84 | _watch_workspace | Stopping workspace watcher for 'devops_assistant'
2026-01-29 08:10:40,651 | INFO    | runtime:devops_assistant | reload_manager:84 | _watch_workspace | Stopping workspace watcher for 'devops_assistant'
2026-01-29 08:12:19,095 | INFO    | runtime:devops_assistant | reload_manager:84 | _watch_workspace | Stopping workspace watcher for 'devops_assistant'
2026-01-29 09:45:45,643 | INFO    | runtime:devops_assistant | reload_manager:84 | _watch_workspace | Stopping workspace watcher for 'devops_assistant'
2026-01-29 09:58:21,441 | INFO    | runtime:devops_assistant | reload_manager:84 | _watch_workspace | Stopping workspace watcher for 'devops_assistant'
2026-01-29 09:58:55,089 | INFO    | runtime:devops_assistant | reload_manager:84 | _watch_workspace | Stopping workspace watcher for 'devops_assistant'
2026-01-29 09:59:55,232 | INFO    | runtime:devops_assistant | reload_manager:84 | _watch_workspace | Stopping workspace watcher for 'devops_assistant'
2026-01-29 10:00:38,308 | INFO    | runtime:devops_assistant | reload_manager:84 | _watch_workspace | Stopping workspace watcher for 'devops_assistant'
2026-01-29 12:08:20,612 | INFO    | runtime:devops_assistant | reload_manager:84 | _watch_workspace | Stopping workspace watcher for 'devops_assistant'
2026-01-29 12:11:04,775 | INFO    | runtime:devops_assistant | reload_manager:84 | _watch_workspace | Stopping workspace watcher for 'devops_assistant'
2026-01-29 12:11:31,426 | INFO    | runtime:devops_assistant | reload_manager:84 | _watch_workspace | Stopping workspace watcher for 'devops_assistant'
2026-01-29 12:11:46,429 | INFO    | runtime:devops_assistant | reload_manager:84 | _watch_workspace | Stopping workspace watcher for 'devops_assistant'
2026-01-29 12:12:00,750 | INFO    | runtime:devops_assistant | reload_manager:84 | _watch_workspace | Stopping workspace watcher for 'devops_assistant'
2026-01-29 12:12:12,329 | INFO    | runtime:devops_assistant | reload_manager:84 | _watch_workspace | Stopping workspace watcher for 'devops_assistant'
2026-01-29 12:13:26,426 | INFO    | runtime:devops_assistant | reload_manager:84 | _watch_workspace | Stopping workspace watcher for 'devops_assistant'
2026-01-29 12:14:51,715 | INFO    | runtime:devops_assistant | reload_manager:84 | _watch_workspace | Stopping workspace watcher for 'devops_assistant'
2026-01-29 12:20:40,210 | INFO    | runtime:devops_assistant | reload_manager:84 | _watch_workspace | Stopping workspace watcher for 'devops_assistant'
2026-01-29 12:22:08,921 | INFO    | runtime:devops_assistant | reload_manager:84 | _watch_workspace | Stopping workspace watcher for 'devops_assistant'
2026-01-29 12:22:16,564 | INFO    | runtime:devops_assistant | reload_manager:84 | _watch_workspace | Stopping workspace watcher for 'devops_assistant'
2026-01-29 12:22:23,941 | INFO    | runtime:devops_assistant | reload_manager:84 | _watch_workspace | Stopping workspace watcher for 'devops_assistant'
2026-01-29 12:22:33,828 | INFO    | runtime:devops_assistant | reload_manager:84 | _watch_workspace | Stopping workspace watcher for 'devops_assistant'
2026-01-29 12:24:06,763 | INFO    | runtime:devops_assistant | reload_manager:84 | _watch_workspace | Stopping workspace watcher for 'devops_assistant'
2026-01-29 12:58:04,963 | INFO    | runtime:devops_assistant | reload_manager:84 | _watch_workspace | Stopping workspace watcher for 'devops_assistant'
2026-01-29 14:34:00,666 | INFO    | runtime:devops_assistant | reload_manager:84 | _watch_workspace | Stopping workspace watcher for 'devops_assistant'
2026-01-29 14:42:35,567 | INFO    | runtime:devops_assistant | reload_manager:84 | _watch_workspace | Stopping workspace watcher for 'devops_assistant'
2026-01-29 14:43:04,809 | INFO    | runtime:devops_assistant | reload_manager:84 | _watch_workspace | Stopping workspace watcher for 'devops_assistant'
2026-01-29 14:44:04,986 | INFO    | runtime:devops_assistant | reload_manager:84 | _watch_workspace | Stopping workspace watcher for 'devops_assistant'
2026-01-29 14:44:39,901 | ERROR   | runtime:devops_assistant | reload_manager:87 | _watch_workspace | Error while watching workspace 'devops_assistant': 'dict' object has no attribute '_compute_version_hash'
2026-01-29 14:44:40,458 | INFO    | runtime:devops_assistant | reload_manager:84 | _watch_workspace | Stopping workspace watcher for 'devops_assistant'
2026-01-29 14:52:47,818 | INFO    | runtime:devops_assistant | reload_manager:84 | _watch_workspace | Stopping workspace watcher for 'devops_assistant'
2026-01-29 14:53:47,477 | ERROR   | runtime:devops_assistant | reload_manager:87 | _watch_workspace | Error while watching workspace 'devops_assistant': 'dict' object has no attribute '_compute_version_hash'
2026-01-29 14:53:51,408 | INFO    | runtime:devops_assistant | reload_manager:84 | _watch_workspace | Stopping workspace watcher for 'devops_assistant'
2026-01-29 15:53:26,292 | ERROR   | runtime:devops_assistant | reload_manager:87 | _watch_workspace | Error while watching workspace 'devops_assistant': 'dict' object has no attribute '_compute_version_hash'
2026-01-29 15:53:39,399 | INFO    | runtime:devops_assistant | reload_manager:84 | _watch_workspace | Stopping workspace watcher for 'devops_assistant'
2026-01-29 17:19:46,153 | ERROR   | runtime:devops_assistant | reload_manager:87 | _watch_workspace | Error while watching workspace 'devops_assistant': 'dict' object has no attribute '_compute_version_hash'
2026-01-29 17:19:49,659 | INFO    | runtime:devops_assistant | reload_manager:84 | _watch_workspace | Stopping workspace watcher for 'devops_assistant'
2026-01-29 17:20:38,281 | ERROR   | runtime:devops_assistant | reload_manager:87 | _watch_workspace | Error while watching workspace 'devops_assistant': 'dict' object has no attribute '_compute_version_hash'
2026-01-29 17:20:52,708 | INFO    | runtime:devops_assistant | reload_manager:84 | _watch_workspace | Stopping workspace watcher for 'devops_assistant'
2026-01-29 18:00:41,390 | INFO    | runtime:devops_assistant | reload_manager:84 | _watch_workspace | Stopping workspace watcher for 'devops_assistant'
2026-01-29 18:03:34,277 | INFO    | runtime:devops_assistant | reload_manager:84 | _watch_workspace | Stopping workspace watcher for 'devops_assistant'
2026-01-29 18:04:23,764 | ERROR   | runtime:devops_assistant | reload_manager:87 | _watch_workspace | Error while watching workspace 'devops_assistant': 'dict' object has no attribute '_compute_version_hash'
2026-01-29 18:04:30,782 | INFO    | runtime:devops_assistant | reload_manager:84 | _watch_workspace | Stopping workspace watcher for 'devops_assistant'
2026-01-29 20:44:57,889 | ERROR   | runtime:devops_assistant | reload_manager:87 | _watch_workspace | Error while watching workspace 'devops_assistant': 'dict' object has no attribute '_compute_version_hash'
2026-01-29 20:45:04,208 | INFO    | runtime:devops_assistant | reload_manager:84 | _watch_workspace | Stopping workspace watcher for 'devops_assistant'
2026-01-29 20:49:43,052 | ERROR   | runtime:devops_assistant | reload_manager:87 | _watch_workspace | Error while watching workspace 'devops_assistant': 'dict' object has no attribute '_compute_version_hash'
2026-01-29 20:49:44,973 | INFO    | runtime:devops_assistant | reload_manager:84 | _watch_workspace | Stopping workspace watcher for 'devops_assistant'
2026-01-29 23:54:16,526 | INFO    | runtime:devops_assistant | reload_manager:84 | _watch_workspace | Stopping workspace watcher for 'devops_assistant'
2026-01-29 23:58:41,148 | INFO    | runtime:devops_assistant | reload_manager:84 | _watch_workspace | Stopping workspace watcher for 'devops_assistant'
2026-01-30 19:31:06,692 | INFO    | runtime:devops_assistant | reload_manager:84 | _watch_workspace | Stopping workspace watcher for 'devops_assistant'
2026-02-02 21:30:09,233 | INFO    | runtime:devops_assistant | reload_manager:84 | _watch_workspace | Stopping workspace watcher for 'devops_assistant'
2026-02-02 21:49:20,413 | INFO    | runtime:devops_assistant | reload_manager:84 | _watch_workspace | Stopping workspace watcher for 'devops_assistant'
